1	https://keizaiclub.com/2020/10/11/21812/	第5回 横森ライブQ＆A収録版 後半(2020/9/26)
1	https://keizaiclub.com/2020/10/04/21771/	第5回 横森ライブQ＆A収録版 前半(2020/9/26)
1	https://keizaiclub.com/2020/09/13/21613/	第４回横森ライブQ&A収録版 後半(2020/8/29)
1	https://keizaiclub.com/2020/09/06/21581/	第４回横森ライブQ&A収録版 前半 (2020/8/29)
1	https://keizaiclub.com/2020/08/18/21432/	【緊急対談】武田邦彦 X 横森一輝「世界経済崩壊の日」パート３ (第３回ライブQ&A)
1	https://keizaiclub.com/2020/08/03/21354/	【緊急対談】武田邦彦 X 横森一輝「世界経済崩壊の日」パート２ (第３回ライブQ&A)
1	https://keizaiclub.com/2020/07/30/21314/	【緊急対談】武田邦彦 X 横森一輝「世界経済崩壊の日」パート１ (第３回ライブQ&A)
1	https://keizaiclub.com/2020/07/05/20843/	第２回 横森ライブQ&A収録版Part２(2020/6/27)
1	https://keizaiclub.com/2020/06/28/20813/	第２回 横森ライブQ&A収録版Part１(2020/6/27)
1	https://keizaiclub.com/2020/06/07/20664/	第1回横森ライブQ&A収録版 Part3 (2020/5/31)
2	https://keizaiclub.com/2020/06/04/20661/	第1回横森ライブQ&A収録版 Part2 (2020/5/31)
2	https://keizaiclub.com/2020/06/01/20656/	第1回 横森ライブQ&A収録版Part1(2020/5/31)
