1	https://keizaiclub.com/2020/11/07/21970/	【投資 第289話】運を引き寄せるには、努力を続けること
1	https://keizaiclub.com/2020/10/31/21966/	【投資 第288話】運を引き寄せるには、確率に忠実であること
1	https://keizaiclub.com/2020/10/24/21865/	【投資 第287話】いい時は利益を伸ばすことに集中しろ！
1	https://keizaiclub.com/2020/10/17/21861/	【投資 第286話】悪い時は損失を減らすことに集中しろ！
1	https://keizaiclub.com/2020/10/10/21765/	【投資 第285話】自分は常に間違っている！
1	https://keizaiclub.com/2020/10/03/21762/	【投資 第284話】ストレス解消はするな！
1	https://keizaiclub.com/2020/09/26/21685/	【投資 第283話】他人の人間性に拘る奴は騙さ続ける！
1	https://keizaiclub.com/2020/09/19/21682/	【投資 第282話】失敗しても努力は必ず報われる！
1	https://keizaiclub.com/2020/09/12/21509/	【投資 第281話】損失を恐怖に思ったら負ける！
1	https://keizaiclub.com/2020/09/05/21506/	【投資 第280話】我を押し通せばメンタルが病む！
2	https://keizaiclub.com/2020/08/29/21503/	【投資 第279話】幅広い好奇心がリスクを減らす！
2	https://keizaiclub.com/2020/08/22/21422/	【投資 第278話】失敗確率90％、1000回挑戦すれば100の成功
2	https://keizaiclub.com/2020/08/15/21419/	【投資 第277話】自己啓発より、とにかくやれ！
2	https://keizaiclub.com/2020/08/08/21342/	【投資 第276話】「〇〇さんが言うのだから・・・」は騙さる人
2	https://keizaiclub.com/2020/08/01/21339/	【投資 第275話】暗記から価値は生まれない
2	https://keizaiclub.com/2020/07/25/21264/	【投資 第274話】自信がないは、頭の病気
2	https://keizaiclub.com/2020/07/18/21216/	【投資 第273話】勝算5割で行くのは愚か、9割で行くのはもっと愚か
2	https://keizaiclub.com/2020/07/11/20841/	【投資 第272話】ストレスを感じたら下を見なさい
2	https://keizaiclub.com/2020/07/04/20839/	【投資 第271話】大きな目標は失敗に直結する
2	https://keizaiclub.com/2020/06/27/20762/	【投資 第270話】低コスト体質にしなさい！
3	https://keizaiclub.com/2020/06/20/20760/	【投資 第269話】都合のいいルールに従え！
3	https://keizaiclub.com/2020/06/13/20680/	【投資 第267話】自分探しよりトレンド探し
3	https://keizaiclub.com/2020/06/06/20678/	【投資 第266話】普通だと貧乏になる！
3	https://keizaiclub.com/2020/05/30/20575/	【投資 第265話】白黒つけたがる人は必ず負ける！
3	https://keizaiclub.com/2020/05/23/20572/	【投資 第265話】投資家の格差は行動量に比例する！
3	https://keizaiclub.com/2020/05/16/20437/	【投資 第264話】投資とは分身の術
3	https://keizaiclub.com/2020/05/09/20435/	【投資 第263話】経験値がなければ次のステージに進めない
3	https://keizaiclub.com/2020/05/02/20398/	【投資 第262話】人間に特殊な能力などない
3	https://keizaiclub.com/2020/04/25/20395/	【投資 第261話】自らを弱者と呼べば、更に弱者になる！
3	https://keizaiclub.com/2020/04/18/20228/	【投資 第260話】不完全が当たり前だ！
4	https://keizaiclub.com/2020/04/11/20226/	【投資 第259話】能力がない人間ほど、小さな失敗で挫ける！
4	https://keizaiclub.com/2020/04/04/20059/	【投資 第258話】小さな恐怖がすべてを台無しにする！
4	https://keizaiclub.com/2020/03/28/20057/	【投資 第257話】すべてを失っても再起できる自信を持て！
4	https://keizaiclub.com/2020/03/21/20011/	【投資 第256話】超マクロ戦略が出来なければ、大恐慌ですべてを失う！
4	https://keizaiclub.com/2020/03/14/19949/	【投資 第255話】最初は気合だ！
4	https://keizaiclub.com/2020/03/07/19947/	【投資 第254話】勉強は短期集中、実践は長期分散！
4	https://keizaiclub.com/2020/02/29/19945/	【投資 第253話】借金を敵と思えば貧乏になる！
4	https://keizaiclub.com/2020/02/22/19892/	【投資 第252話】ヒーローは存在しない！
4	https://keizaiclub.com/2020/02/15/19890/	【投資 第251話】単純化理論を信じ込むと想定外で大損する！
4	https://keizaiclub.com/2020/02/08/19756/	【投資 第250話】諦めないと次に進めない！
5	https://keizaiclub.com/2020/02/01/19753/	【投資 第249話】労力×時間の発想では投資で勝てない！
5	https://keizaiclub.com/2020/01/25/19751/	【投資 第248話】種銭ができるまで、超ケチになれ！
5	https://keizaiclub.com/2020/01/18/19701/	【投資 第247話】行動力がありすぎてもいけない
5	https://keizaiclub.com/2020/01/11/19699/	【投資 第246話】群れるな！群れれば馬鹿になる！
5	https://keizaiclub.com/2020/01/04/19694/	【投資 第245話】人間関係は、投資判断の材料にするな！
5	https://keizaiclub.com/2019/12/28/19692/	【投資 第244話】情熱的になれば、ことごとく失敗する
5	https://keizaiclub.com/2019/12/21/19670/	【投資 第243話】正義感は投資判断を誤らせる！
5	https://keizaiclub.com/2019/12/07/19639/	【投資 第241話】環境順応は、視野を狭くする
5	https://keizaiclub.com/2019/11/30/19637/	【投資 第240話】弱者は同情を求め、強者は同情を拒む
5	https://keizaiclub.com/2019/11/16/19556/	【投資 第238話】落ち目に身を置くと、落ち目になる！
6	https://keizaiclub.com/2019/11/02/19551/	【投資 第236話】長いトレンドには巻かれろ！
6	https://keizaiclub.com/2019/10/26/19511/	【投資 第235話】右派思想は投資で失敗する
6	https://keizaiclub.com/2019/10/19/19509/	【投資 第234話】左派思想は投資で失敗する
6	https://keizaiclub.com/2019/10/12/19380/	【投資 第232話】最先端の技術より、マーケット支配が100倍強い！
6	https://keizaiclub.com/2019/10/05/19378/	【投資 第232話】長期投資家は破綻しにくい
6	https://keizaiclub.com/2019/09/28/19376/	【投資 第231話】最大のリスクは、リスクに向き合わないこと
6	https://keizaiclub.com/2019/09/21/19247/	【投資 第230話】差異を見つけて稼げばいい
6	https://keizaiclub.com/2019/09/14/19245/	【投資 第229話】常に変化をしているから、常に考えも変化しろ！
6	https://keizaiclub.com/2019/09/07/19243/	【投資 第228話】素人の助言は支配欲、プロは求めに応じて助言する
6	https://keizaiclub.com/2019/08/31/19182/	【投資 第227話】投資元本は、多ければ有利、少なければ不利
7	https://keizaiclub.com/2019/08/24/19179/	【投資 第226話】時間が解決するのか、しないのかを見極めろ！
7	https://keizaiclub.com/2019/08/17/19177/	【投資 第225話】清水の舞台から飛び降りるな！
7	https://keizaiclub.com/2019/08/10/19175/	【投資 第224話】消費は今の満足のため、投資は未来の満足のため
7	https://keizaiclub.com/2019/07/27/19100/	【投資 第222話】問題は必ず起こる、何があってもリカバリーをしろ！
7	https://keizaiclub.com/2019/07/20/19098/	【投資 第221話】正しくても勝てない
7	https://keizaiclub.com/2019/07/13/19095/	【投資 第220話】100%信じるな！100％疑うな！
7	https://keizaiclub.com/2019/07/06/19015/	【投資 第219話】人間は誰しも大差がない
7	https://keizaiclub.com/2019/06/29/19013/	【投資 第218話】時の経過が利益の源泉
7	https://keizaiclub.com/2019/06/22/19011/	【投資 第217話】大きな流れを見逃せば、次も乗れない
7	https://keizaiclub.com/2019/06/15/19009/	【投資 第216話】人間は弱いと分かれば、どうすればいいか分かる
8	https://keizaiclub.com/2019/06/08/19007/	【投資 第215話】大戦略は貫徹し、戦略は修正し、戦術は常に変えろ！
8	https://keizaiclub.com/2019/06/01/18938/	【投資 第214話】餓鬼は分配を求め、賢者はどう分配するかを考える
8	https://keizaiclub.com/2019/05/25/18936/	【投資 第213話】迷わず行けよ、行けばわかるさ
8	https://keizaiclub.com/2019/05/18/18934/	【投資 第212話】無料のセミナーには行くな！
8	https://keizaiclub.com/2019/05/11/18816/	【投資 第211話】上昇相場しか知らない人の話は聞くな！
8	https://keizaiclub.com/2019/05/04/18813/	【投資 第210話】理論より理念
8	https://keizaiclub.com/2019/04/27/18811/	【投資 第209話】失敗こそ失敗しない極意
8	https://keizaiclub.com/2019/04/20/18791/	【投資 第208話】知識より性格やメンタル
8	https://keizaiclub.com/2019/04/13/18789/	【投資 第207話】法は守れ、だからと言って正しいわけではない
8	https://keizaiclub.com/2019/04/06/18786/	【投資 第206話】衰退の流れが好きな人もいる
9	https://keizaiclub.com/2019/03/30/18684/	【投資 第205話】「絶対に」正しいと思った時は「絶対に」見落としがある
9	https://keizaiclub.com/2019/03/23/18682/	【投資 第204話】物事には常に優先順位をつけろ！
9	https://keizaiclub.com/2019/03/16/18680/	【投資 第203話】危機感が危機を防ぐ
9	https://keizaiclub.com/2019/03/09/18652/	【投資 第202話】共感と共感を断ち切る技術を身につけなさい
9	https://keizaiclub.com/2019/03/02/18650/	【投資 第201話】7割勝てると思ったら見切り発車しなさい！
9	https://keizaiclub.com/2019/02/23/18598/	【投資 第200話】アドバイスは実践してる人から聞け！
9	https://keizaiclub.com/2019/02/16/18595/	【投資 第199話】能力の低い人ほど、能力の高い人を活用したがらない
9	https://keizaiclub.com/2019/02/09/18593/	【投資 第198話】人生には目標を達成するのに十分な時間がある
9	https://keizaiclub.com/2019/02/02/18523/	【投資 第197話】人間とは、自分のせいにしたがらない
9	https://keizaiclub.com/2019/01/26/18521/	【投資 第196話】若いうちは、バックパッカーで旅をしろ！
10	https://keizaiclub.com/2019/01/19/18519/	【投資 第195話】完璧を求めるな！　成長の波に乗れ！
10	https://keizaiclub.com/2019/01/12/18433/	【投資 第194話】メリットを得るために、率先してデメリットを受け入れる
10	https://keizaiclub.com/2019/01/05/18431/	【投資 第193話】「考えています」は、「ただの思考停止状態」
10	https://keizaiclub.com/2018/12/22/18344/	【投資 第191話】誰もあなたのためにやってくれない
10	https://keizaiclub.com/2018/12/15/18342/	【投資 第190話】０→１なくして、１０→１００、１００→１０００はない
10	https://keizaiclub.com/2018/12/08/18194/	【投資 第189話】価値を与えることから始まる
10	https://keizaiclub.com/2018/12/01/18192/	【投資 第188話】依存から自立へ、そして相互依存へ
10	https://keizaiclub.com/2018/11/24/18188/	【投資 第187話】「儲かる話＝危険」にいい情報は決して来ない
10	https://keizaiclub.com/2018/11/17/18186/	【投資 第186話】投資は精神安定のためにするもの
10	https://keizaiclub.com/2018/11/10/18078/	【投資 第185話】最初から楽をしようは、騙されに行くようなもの
11	https://keizaiclub.com/2018/11/03/18076/	【投資 第183話】欲求という感情を持ちなさい
11	https://keizaiclub.com/2018/10/27/18048/	【投資 第182話】稼いでくれる分身を持ちなさい
11	https://keizaiclub.com/2018/10/20/18046/	【投資 第182話】投資とは、ＲＰＧ
11	https://keizaiclub.com/2018/10/13/17961/	【投資 第181話】一度やり遂げてみる
11	https://keizaiclub.com/2018/10/06/17959/	【投資 第180話】投資は「Ｊカーブ」と心得なさい
11	https://keizaiclub.com/2018/09/29/17957/	【投資 第179話】大きな流れを無視するな！
11	https://keizaiclub.com/2018/09/21/17902/	【投資 第178話】長期経済サイクルを次の世代に伝えなさい！
11	https://keizaiclub.com/2018/09/15/17900/	【投資 第177話】失敗を恐れる方が、失敗を犯すより悪い結果を生む
11	https://keizaiclub.com/2018/09/08/17898/	【投資 第176話】自分より愚かな人に勝つのではなく、優れた人に負けなさい
11	https://keizaiclub.com/2018/09/01/17870/	【投資 第175話】何も信じない人は自分自身も信じていない
12	https://keizaiclub.com/2018/08/25/17868/	【投資 第174話】会社も国家も永遠に続く？
12	https://keizaiclub.com/2018/08/18/17796/	【投資 第172話】情弱の一般人に儲かる話は来ない！
12	https://keizaiclub.com/2018/08/11/17794/	【投資 第171話】愚者は経験に学び、賢者は歴史に学ぶ！
12	https://keizaiclub.com/2018/08/04/17773/	【投資 第170話】デフレの最終局面には、気をつけろ！
12	https://keizaiclub.com/2018/07/28/17771/	【投資 第169話】自己肯定感が低いと行動できない
12	https://keizaiclub.com/2018/07/21/17730/	【投資 第168話】投資を拒否したら人生１００年を生きられない
12	https://keizaiclub.com/2018/07/14/17728/	【投資 第167話】情報収集は、日課にせよ
12	https://keizaiclub.com/2018/07/07/17654/	【投資 第166話】強運は確率がもたらす
12	https://keizaiclub.com/2018/06/30/17651/	【投資 第165話】まかせられない理由は０/１００思考
12	https://keizaiclub.com/2018/06/23/17523/	【投資 第164話】上がるか下がるかわからないものを塩漬けにするな！
13	https://keizaiclub.com/2018/06/16/17521/	【投資 第163話】複利でもインフレに負ける！
13	https://keizaiclub.com/2018/06/09/17472/	【投資 第162話】感情のコントロールは出来ない、しかし……
13	https://keizaiclub.com/2018/06/02/17461/	【投資 第161話】平等の幻想が、意識を低下させる！
13	https://keizaiclub.com/2018/05/26/17459/	【投資 第160話】未来ー現在＝損益
13	https://keizaiclub.com/2018/05/12/17412/	【投資 第159話】一人称思考が視野を狭くする！
13	https://keizaiclub.com/2018/05/05/17409/	【投資 第158話】「取り残される」という気持ちが不合理な行動になる！
13	https://keizaiclub.com/2018/04/28/17331/	【投資 第157話】現在が辛いと投資は失敗する！
13	https://keizaiclub.com/2018/04/21/17329/	【投資 第156話】執着は確率でコントロールする！
13	https://keizaiclub.com/2018/04/14/17327/	【投資 第155話】知識を捨てる勇気を持て！
13	https://keizaiclub.com/2018/04/07/17325/	【投資 第154話】真の投資家はお客じゃない！
14	https://keizaiclub.com/2018/03/31/17258/	【投資 第153話】数をこなさなければ判断力は養えない
14	https://keizaiclub.com/2018/03/24/17255/	【投資 第152話】方針は変えても、目的は変えるな！
14	https://keizaiclub.com/2018/03/17/17166/	【投資 第151話】早期引退を考えるな！
14	https://keizaiclub.com/2018/03/10/17163/	【投資 第150話】お金は富の保存手段にならない時もある
14	https://keizaiclub.com/2018/03/03/17161/	【投資 第149話】知行合一（ちこうごういつ）
14	https://keizaiclub.com/2018/02/24/17132/	【投資 第148話】その技術は割高かもしれない
14	https://keizaiclub.com/2018/02/17/17130/	【投資 第147話】お金が欲しかったら、お金より大事なものを探せ！
14	https://keizaiclub.com/2018/02/11/17068/	【投資 第146話】たまには負けてみるぐらいが丁度いい
14	https://keizaiclub.com/2018/02/04/17066/	【投資 第145話】欲より確実性
14	https://keizaiclub.com/2018/01/27/17064/	【投資 第144話】出来ないも出来たも理由は同じ
15	https://keizaiclub.com/2018/01/20/17046/	【投資 第143話】考え方×熱意×能力＝結果
15	https://keizaiclub.com/2018/01/13/17042/	【投資 第142話】変な成功体験なら、ない方がいい
15	https://keizaiclub.com/2018/01/06/16985/	【投資 第141話】世間様に役立っていると思うと元気になる
15	https://keizaiclub.com/2017/12/30/16981/	【投資 第140話】『不調こそ、我が実力』と思え
15	https://keizaiclub.com/2017/12/23/16983/	【投資 第139話】『二元論ではなく四元論で見る
15	https://keizaiclub.com/2017/12/16/16872/	【投資 第137話】「ない」と思うなリスクとリターン
15	https://keizaiclub.com/2017/12/09/16870/	【投資 第137話】「今度」はない
15	https://keizaiclub.com/2017/12/02/16774/	【投資 第136話】損をするから手数料が落ちる
15	https://keizaiclub.com/2017/11/25/16772/	【投資 第135話】いつまでもあると思うな平和と安定
15	https://keizaiclub.com/2017/11/18/16770/	【投資 第134話】平均以下と思いなさい
16	https://keizaiclub.com/2017/11/11/16688/	【投資 第133話】慎重すぎると「運」は逃げていく
16	https://keizaiclub.com/2017/11/04/16686/	【投資 第132話】行動が変わらなければ、思考は変わらない
16	https://keizaiclub.com/2017/10/28/16683/	【投資 第131話】困難を常と思えば不足なし
16	https://keizaiclub.com/2017/10/21/16516/	【投資 第130話】「何とかなるさ」は何ともならない
16	https://keizaiclub.com/2017/10/14/16514/	【投資 第129話】選択能力より適応能力
16	https://keizaiclub.com/2017/10/07/16452/	【投資 第128話】「勝つ」ことではなく「負けない」ことにホンモノの強さはある
16	https://keizaiclub.com/2017/09/30/16450/	【投資 第127話】99％の人は自滅することで結果として相手を勝たせてしまう
16	https://keizaiclub.com/2017/09/23/16447/	【投資 第126話】「偶然の運」に頼っていると、「必然の運」を引き寄せる力を失う
16	https://keizaiclub.com/2017/09/16/16360/	【投資 第125話】 本当に欲しいものが見えないから行動できない！
16	https://keizaiclub.com/2017/09/09/16358/	【投資 第124話】 銭ゲバだから情弱になる！
17	https://keizaiclub.com/2017/09/02/16356/	【投資 第123話】 論理で考えないからボケる!
17	https://keizaiclub.com/2017/08/26/16291/	【投資 第122話】 変動リスクの低い担保主義を貫け！
17	https://keizaiclub.com/2017/08/19/16297/	【投資 第121話】論理⇒感情による意思決定
17	https://keizaiclub.com/2017/08/12/16293/	【投資 第120話】マーケットに集中するほどマクロが見えなくなる！
17	https://keizaiclub.com/2017/08/05/16189/	【投資 第118話】衰退は、高度のリスク状態
17	https://keizaiclub.com/2017/07/29/16186/	【投資 第118話】インプットする情報は食事と同じ
17	https://keizaiclub.com/2017/07/22/15644/	【投資 第117話】いい師匠を持て！
17	https://keizaiclub.com/2017/07/15/15642/	【投資 第116話】いい仲間を持て！
17	https://keizaiclub.com/2017/07/08/15640/	【投資 第115話】投資で勝つためには旅をしろ！
17	https://keizaiclub.com/2017/07/01/15638/	【投資 第114話】行動しないから批判ばかりになる！
18	https://keizaiclub.com/2017/06/24/15635/	【投資 第113話】何をするかではなく、誰とするかだ！
18	https://keizaiclub.com/2017/06/17/15553/	【投資 第112話】具体性ばかりを追い求めるからバカになる！
18	https://keizaiclub.com/2017/06/10/15551/	【投資 第111話】銭ゲバには銭ゲバが集まる！
18	https://keizaiclub.com/2017/06/03/15549/	【投資 第110話】弱者が生き残るには、強者に気に入られろ！
18	https://keizaiclub.com/2017/05/27/15407/	【投資 第109話】 受け身は負けやすい
18	https://keizaiclub.com/2017/05/20/15405/	【投資 第108話】 切り捨てるべき情報を選べ
18	https://keizaiclub.com/2017/05/13/15403/	【投資 第107話】 原資を貯めるためにリスクを取るな！
18	https://keizaiclub.com/2017/05/06/15214/	【投資 第106話】 投資に不安や絶望があれば貧乏になる！
18	https://keizaiclub.com/2017/04/29/15212/	【投資 第105話】 投機と投資を混同するな！
18	https://keizaiclub.com/2017/04/22/15210/	【投資 第104話】 利益を望む前に何が出来るか考えよ！
19	https://keizaiclub.com/2017/04/15/15207/	【投資 第103話】 投資からの恩恵に感謝せよ！
19	https://keizaiclub.com/2017/04/08/14755/	【投資 第102話】 節税は、投資の下に位置する
19	https://keizaiclub.com/2017/04/01/14752/	【投資 第101話】 貧乏人には投資哲学がない
19	https://keizaiclub.com/2017/03/25/14711/	【投資 第100話】己より優れた者を周りに集めた者
19	https://keizaiclub.com/2017/03/18/14709/	【投資 第99話】自分自身の能力を知ることからスタートせよ
19	https://keizaiclub.com/2017/03/11/14617/	【投資 第98話】 環境を変えれば、結果が変わる！
19	https://keizaiclub.com/2017/03/04/14613/	【投資 第97話】 お金に対する執着が損に結びつく
19	https://keizaiclub.com/2017/02/25/14611/	【投資 第96話】 長期は理論が優勢、短期は感情が優勢
19	https://keizaiclub.com/2017/02/18/14515/	【投資 第95話】 解決策がわかっても、行動なくして解決は決してない
19	https://keizaiclub.com/2017/02/11/14513/	【投資 第94話】 ミクロは対処できるが、マクロには逆らえない
20	https://keizaiclub.com/2017/02/04/14511/	【投資 第93話】 真実を追求しろ、しかし深い入りするな！
20	https://keizaiclub.com/2017/01/28/14466/	【投資 第92話】 海外は危険ではない、海外の排除が危険
20	https://keizaiclub.com/2017/01/21/14336/	【投資 第91話】 タイプ別に対応しろ！
20	https://keizaiclub.com/2017/01/14/14334/	【投資 第90話】 不自由を常と思えば不足なし
20	https://keizaiclub.com/2017/01/07/14304/	【投資 第89話】 勝つ事ばかり知りて、負くること知らざれば害その身にいたる
20	https://keizaiclub.com/2016/12/31/14302/	【投資 第88話】 捨ててから考えろ！
20	https://keizaiclub.com/2016/12/24/14284/	【投資 第87話】 楽観主義の先には悲観しかない
20	https://keizaiclub.com/2016/12/17/14273/	【投資 第86話】 社会性のない投資は失敗する
20	https://keizaiclub.com/2016/12/10/14193/	【投資 第85話】お上に楯突くな、しかし、盲信は〇〇だ！
20	https://keizaiclub.com/2016/12/03/14191/	【投資 第84話】「もう」は「まだ」なり、「まだ」は「もう」なり
21	https://keizaiclub.com/2016/11/26/14189/	【投資 第83話】子孫には、フローを残せ！
21	https://keizaiclub.com/2016/11/19/14118/	【投資 第82話】貯めたお金で何年暮らせる？
21	https://keizaiclub.com/2016/11/12/14116/	【投資 第81話】戦略と戦術の違いを考えろ！
21	https://keizaiclub.com/2016/11/05/14114/	【投資 第80話】投資とは誰かに働いてもらうこと
21	https://keizaiclub.com/2016/10/29/14087/	【投資 第79話】どちらに転んでも損しない道を探せ
21	https://keizaiclub.com/2016/10/22/14085/	【投資 第78話】勉強と実践のバランスは10：90
21	https://keizaiclub.com/2016/10/15/14083/	【投資 第77話】小差を馬鹿にすると、最後は大差になる
21	https://keizaiclub.com/2016/10/08/14024/	【投資 第76話】貯める段階、投資する段階、収入を得る段階
21	https://keizaiclub.com/2016/10/01/14022/	【投資 第75話】 お金は一時保管場所でしかない
21	https://keizaiclub.com/2016/09/24/14020/	【投資 第74話】 海外はリスク回避の手段以外に考えるな
22	https://keizaiclub.com/2016/09/17/14018/	【投資 第73話】 増やそうと思えば減る
22	https://keizaiclub.com/2016/09/10/13986/	【投資 第72話】 認知不協和は感情的に反応する
22	https://keizaiclub.com/2016/09/03/13984/	【投資 第71話】 損する原因は認知不協和
22	https://keizaiclub.com/2016/08/27/13982/	【投資 第70話】  9割の人が持つ楽観バイアスが貧乏への道
22	https://keizaiclub.com/2016/08/20/13956/	【投資 第69話】 営業されたい人には、いいものは手に入らない
22	https://keizaiclub.com/2016/08/13/13953/	【投資 第68話】 過去からではなく現在から未来を描け！
22	https://keizaiclub.com/2016/08/06/13886/	【投資 第67話】 同調圧力の中では最善策は見つからない
22	https://keizaiclub.com/2016/07/30/13884/	【投資 第66話】欲は肯定しろ、無欲と強欲は否定しろ！
22	https://keizaiclub.com/2016/07/23/13882/	【投資 第65話】ハードルの高さはイメージで決まる
22	https://keizaiclub.com/2016/07/16/13880/	【投資 第64話】マクロはボディブローのように効く
23	https://keizaiclub.com/2016/07/09/13809/	【投資 第63話】権利収入は、30年以上有効でなければならない
23	https://keizaiclub.com/2016/07/02/13807/	【投資 第62話】労働収入だけで、一生生きていけると思うな！
23	https://keizaiclub.com/2016/06/25/13805/	【投資 第61話】思い込んだ世界に100％以上のものはない
23	https://keizaiclub.com/2016/06/18/13731/	【投資 第60話】本やネットだけで価値ある情報はつかめない
23	https://keizaiclub.com/2016/06/11/13729/	【投資 第59話】消費者感覚で投資を考えるな！
23	https://keizaiclub.com/2016/06/04/13727/	【投資 第58話】需要も供給も作れる
23	https://keizaiclub.com/2016/05/28/13687/	【投資 第57話】嫌われる技術が、リスクを遠ざける
23	https://keizaiclub.com/2016/05/21/13683/	【投資 第56話】完璧主義者は、結果が出せない
23	https://keizaiclub.com/2016/05/14/13681/	【投資 第55話】人の行く裏に道あり花の山
23	https://keizaiclub.com/2016/05/07/13679/	【投資 第54話】適者生存
24	https://keizaiclub.com/2016/04/30/13619/	【投資 第53話】社会を回らないお金は何も生まない
24	https://keizaiclub.com/2016/04/23/13617/	【投資 第52話】バカの壁を知りなさい
24	https://keizaiclub.com/2016/04/16/13615/	【投資 第51話】最終判断は感情でしかできない
24	https://keizaiclub.com/2016/04/09/13613/	【投資 第50話】受け身のスタンスが、リスクを招く！
24	https://keizaiclub.com/2016/04/02/13591/	【投資 第49話】需給は、すべてに優先する
24	https://keizaiclub.com/2016/03/26/13589/	【投資 第48話】防御は最大の攻撃
24	https://keizaiclub.com/2016/03/19/13548/	【投資 第47話】世の中は、儲かるものより、損するものが圧倒的に多い
24	https://keizaiclub.com/2016/03/12/13546/	【投資 第46話】小さな数字×年数で、結果は大きく違う
24	https://keizaiclub.com/2016/03/05/13544/	【投資 第45話】投資信託で財産を作った人はいない。
24	https://keizaiclub.com/2016/02/27/13515/	【投資 第44話】あなたが安全だと思っているものがリスク！
25	https://keizaiclub.com/2016/02/20/13513/	【投資 第43話】流動性はリスクを高める！？
25	https://keizaiclub.com/2016/02/13/13436/	【投資 第42話】老人に投資するな！ 若者に投資せよ！
25	https://keizaiclub.com/2016/02/06/13434/	【投資 第41話】 現状比較はするな！推移に着目せよ！
25	https://keizaiclub.com/2016/01/30/13432/	【投資 第40話】 見える未来を活用せよ！
25	https://keizaiclub.com/2016/01/23/13430/	【投資 第39話】 担保主義を貫け！
25	https://keizaiclub.com/2016/01/16/13428/	【投資 第38話】 いいものは消去法で探せ！
25	https://keizaiclub.com/2016/01/09/13385/	【投資 第37話】 素人は、儲けにフォーカス、プロはリスクにフォーカス
25	https://keizaiclub.com/2015/12/26/13358/	【投資 第36話】 論理より情緒は後で泣く
25	https://keizaiclub.com/2015/12/19/13356/	【投資 第35話】 毎月高利回りはポンジー詐欺
25	https://keizaiclub.com/2015/12/12/13354/	【投資 第34話】 若い兄ちゃん姉ちゃんの投資勧誘は詐欺！
26	https://keizaiclub.com/2015/12/05/13310/	【投資 第33話】 収入＝欲望
26	https://keizaiclub.com/2015/11/28/13308/	【投資 第32話】 支出 =欲望
26	https://keizaiclub.com/2015/11/21/13306/	【投資 第31話】 利益＝収入ー支出
26	https://keizaiclub.com/2015/11/14/13278/	【投資 第30話】 知識欲、行動なければ、進歩なし
26	https://keizaiclub.com/2015/11/07/13270/	【投資 第29話】 自信がない、その一言が追い詰める
