1	https://keizaiclub.com/2020/10/12/21827/	米中武力衝突で日本崩壊リスクを想定せよ！
1	https://keizaiclub.com/2020/10/09/21803/	ウォーレンバフェットが日本の5商社に投資をした裏の理由…
1	https://keizaiclub.com/2020/10/05/21759/	深刻な商業施設の廃墟化！変革求められる小売事業の生き残り方
1	https://keizaiclub.com/2020/10/01/21754/	政府デジタル化推進によって起こる超管理社会…あなたはどう生きる？
1	https://keizaiclub.com/2020/09/29/21743/	EUデジタル通貨規制案の本当の狙い！最強の仮想通貨とは？
1	https://keizaiclub.com/2020/09/25/21712/	未来を担う２つのプロレス団体系仮想通貨
1	https://keizaiclub.com/2020/09/23/21679/	イギリスがEUを激怒！英連邦の新経済圏の行方とEUに未来はあるか？
1	https://keizaiclub.com/2020/09/21/21675/	世界の全ての国がハイパーインフレになる！？前代未聞シナリオ
1	https://keizaiclub.com/2020/09/17/21665/	イスラエルとバーレン国交正常化の裏事情とは？中東情勢のプロレス解説
1	https://keizaiclub.com/2020/09/15/21609/	モンサントを買収して倒産危機に陥る製薬会社バイエルの悲劇!
2	https://keizaiclub.com/2020/09/10/21595/	中国は食糧難？日本にも襲う食糧危機の兆候
2	https://keizaiclub.com/2020/09/07/21553/	中央銀行デジタル通貨の近未来
2	https://keizaiclub.com/2020/09/04/21550/	東欧国とロシアの密かな関係…対プロレス団体が仕掛けるロシア裏事情
2	https://keizaiclub.com/2020/09/02/21538/	中国が米企業に報復しない痛い理由…米中戦争の開戦は延期？
2	https://keizaiclub.com/2020/08/31/21512/	不動産の投げ売りが始まる？コロナ時代の新しい不動産運用とは？
2	https://keizaiclub.com/2020/08/28/21499/	富裕層が恐れる！航空業界の破綻が招く金融危機
2	https://keizaiclub.com/2020/08/26/21492/	新型コロナでビットコインか金か？襲い掛かる投げ売りの恐怖！
2	https://keizaiclub.com/2020/08/23/21473/	農業ビジネスへ大手財閥が参入！食糧危機に備える方法とは？
2	https://keizaiclub.com/2020/08/20/21441/	世界一のワクチン医師・ビルゲイツに纏わる「陰謀論 vs 事実論」とは？
2	https://keizaiclub.com/2020/08/16/21425/	史上最高値の金相場！大衆が加熱するゴールドに要注意！
3	https://keizaiclub.com/2020/08/14/21382/	激動の近未来に求められる教育改革！子供の奴隷育成から解放せよ！
3	https://keizaiclub.com/2020/08/12/21415/	中国、対米大豆の輸入減少…米中対立の行方と穀物市場への影響
3	https://keizaiclub.com/2020/08/07/21386/	アメリカでTikTokが禁止される裏事情…分断された情報統制の勢力図！
3	https://keizaiclub.com/2020/08/05/21370/	韓国で「輸出」16.6%減少！間近に迫る韓国破綻タイミング
3	https://keizaiclub.com/2020/08/02/21347/	貿易赤字拡大でなぜ円安！？金融相場が崩壊後の世界のマネーはどこへ行く？
3	https://keizaiclub.com/2020/07/28/21248/	世界大恐慌のサバイバル術!田舎移住のススメ
3	https://keizaiclub.com/2020/07/23/21245/	デキるやつほど起業する？大企業の見限った日本の若手エリートたち
3	https://keizaiclub.com/2020/07/21/21233/	史上最大規模の中国水害…投資家視点でチャンスを読み取る数字分析
3	https://keizaiclub.com/2020/07/17/21182/	富裕層に大人気！大恐慌、コロナ鎖国時代で密かに海外に逃げる方法
3	https://keizaiclub.com/2020/07/15/21196/	コロナ禍でも強いロシアが仕掛けるイスラエル戦争の真相
4	https://keizaiclub.com/2020/07/13/21136/	アメリカ対中制裁による通貨覇権争いの行方とは？(ドルvs人民元)
4	https://keizaiclub.com/2020/07/09/20837/	世界経済の破壊時代のサバイバル術とは？
4	https://keizaiclub.com/2020/07/07/20835/	プロレス系金融最大手がビットコインを意図的に下げる理由…
4	https://keizaiclub.com/2020/07/01/20820/	「ビットコインは消える？」富裕層がネガティブ発言をする意外な裏事情…
4	https://keizaiclub.com/2020/06/29/20779/	TwitterとFacebookこそが社会混乱の元凶？プロレス団体に都合の良い情報に偏ったSNS社会
4	https://keizaiclub.com/2020/06/26/20777/	イージスアショア計画停止の真相とは？戦争シナリオの裏読み…
4	https://keizaiclub.com/2020/06/22/20726/	貿易金融の資金ショートが世界不況をもたらすワケ
4	https://keizaiclub.com/2020/06/19/20724/	【北朝鮮による南北統一】韓国が脱北者団体を刑事告発した真相…。朝鮮統一の日本への影響は？
4	https://keizaiclub.com/2020/06/17/20722/	国民が飢え死にしようが関係ない！？　香港通貨利権を巡る英中の思惑
4	https://keizaiclub.com/2020/06/15/20720/	5ヶ月で1070億円荒稼ぎをしたゴールドマンサックス（プロレス系）の秘密
5	https://keizaiclub.com/2020/06/11/20690/	必要とされる人・削減される人。ダボス会議「グレート・リセット」がもたらす新世界とは？
5	https://keizaiclub.com/2020/06/09/20688/	香港の通貨制度が2022年に変わる？通貨発行権を巡る英中対立！
5	https://keizaiclub.com/2020/06/02/20569/	上場企業のマイニング事業撤退から学ぶ、小資本の個人でもマイニングで利益を出す方法
5	https://keizaiclub.com/2020/05/29/20560/	国債暴落？「節税保険」解約ラッシュ、保険会社の経営悪化が生む波紋
5	https://keizaiclub.com/2020/05/27/20565/	2020年中にデフォルトか？「禁じ手（国債直接購入）」に手を染めたアジア中銀
5	https://keizaiclub.com/2020/05/25/20524/	＊仕手筋に注意＊チャートがわかる人ほど騙されるビットコイン相場
5	https://keizaiclub.com/2020/05/22/20522/	来るべき食料高騰の兆し？「収穫したくてもできない…」農業の実情
5	https://keizaiclub.com/2020/05/20/20520/	ロシアから欧州へのパイプライン事業を潰すアメリカ：真の目的とは？
5	https://keizaiclub.com/2020/05/15/20478/	コロナ後に成長する３インフラとは！中国が推進する経済起爆剤に注目！
5	https://keizaiclub.com/2020/05/13/20445/	イラン通貨、1万分の１デノミ法可決！日本の未来は？
6	https://keizaiclub.com/2020/05/11/20442/	【丸秘】この冬が危ない？仕手筋が仕掛ける原油相場シナリオ！
6	https://keizaiclub.com/2020/05/06/20430/	新型コロナ治療薬アビガン承認の動きの裏読み
6	https://keizaiclub.com/2020/05/04/20419/	2023年にスイスの国際機関が仕掛ける経済崩壊スイッチ
6	https://keizaiclub.com/2020/05/01/20409/	コロナ倒産後に襲う世界食糧危機シナリオ
6	https://keizaiclub.com/2020/04/27/20405/	円暴落後に変革する次世代通貨システム
6	https://keizaiclub.com/2020/04/23/20289/	家賃滞納急増！窮地に追い込まれるアパート経営の実態…
6	https://keizaiclub.com/2020/04/17/20287/	予言的中！慈善家ビルゲイツ氏の功績と近未来像
6	https://keizaiclub.com/2020/04/15/20285/	世界が中国を敵国とする理由！反グローバル化の近未来予想
6	https://keizaiclub.com/2020/04/13/20231/	新型コロナ危機後の世界…イスラエル歴史学者の予言とは？
6	https://keizaiclub.com/2020/04/09/20224/	新型コロナウィルス予防ワクチン完成！ワクチン開発の裏事情
7	https://keizaiclub.com/2020/04/07/20075/	新型コロナを予言した『ある』大学の裏話
7	https://keizaiclub.com/2020/04/02/20079/	運用大損失のヘッジファンドで今、起きている裏話
7	https://keizaiclub.com/2020/04/01/20061/	コロナ危機！ビットコインがゴールドに代わる資金退避先となるか？
7	https://keizaiclub.com/2020/03/25/20024/	航空業界の経営破綻がもたらす世界不況の波！
7	https://keizaiclub.com/2020/03/23/20013/	社会は滅亡する！コロナショックに潜む最大のリスクとは？
7	https://keizaiclub.com/2020/03/17/19989/	英銀次期総裁がビットコイン忠告の裏読み
7	https://keizaiclub.com/2020/03/12/19971/	サウジが仕掛ける原油価格戦争の真相
7	https://keizaiclub.com/2020/03/10/19961/	石油暴落を目論むロシア！プロレス団体への逆襲！？
7	https://keizaiclub.com/2020/03/06/19951/	新型コロナで死者１０００万人を警告するゲイツ氏とは？
7	https://keizaiclub.com/2020/03/04/19956/	新型コロナの世界経済崩壊！インフレかデフレか？
8	https://keizaiclub.com/2020/03/02/19953/	都市機能が停止した深セン！世界経済への深刻な影響とは？
8	https://keizaiclub.com/2020/02/28/19943/	ハーバード大、人類の70%が新型コロナ感染の真相！
8	https://keizaiclub.com/2020/02/26/19930/	成長期待のインドで迫る金融危機！
8	https://keizaiclub.com/2020/02/24/19922/	中国依存の世界経済は新型コロナで崩壊？
8	https://keizaiclub.com/2020/02/18/19905/	密かに大流行する殺人ウィルス
8	https://keizaiclub.com/2020/02/14/19903/	急成長する仮想通貨の貸出ビジネス
8	https://keizaiclub.com/2020/02/10/19886/	不動産不況が世界を襲う！
8	https://keizaiclub.com/2020/02/07/19874/	英EU離脱！裏勢力が死守したかった『ある』利権
8	https://keizaiclub.com/2020/02/05/19866/	合理的思考の２０代若者と日本の暗い未来
8	https://keizaiclub.com/2020/02/03/19863/	資産構築は富裕層の行動から学べ！
9	https://keizaiclub.com/2020/01/29/19847/	2024年新円切り替えで預金封鎖？国民管理体制の方向性
9	https://keizaiclub.com/2020/01/27/19789/	地球温暖化詐欺？二酸化炭素説の裏話
9	https://keizaiclub.com/2020/01/23/19785/	成功する投資先を一発で見分ける方法
9	https://keizaiclub.com/2020/01/17/19770/	収入格差＝遺伝：AI時代を生き残る人材とは？
9	https://keizaiclub.com/2020/01/16/19767/	8億人が仕事を失う人工知能時代にどう生き残るのか？
9	https://keizaiclub.com/2020/01/14/19764/	波乱の資本主義社会への近未来予測
9	https://keizaiclub.com/2020/01/10/19741/	2020年どうなる？　日本破綻！
9	https://keizaiclub.com/2020/01/09/19760/	イラン危機の裏シナリオ
9	https://keizaiclub.com/2020/01/07/19739/	2020年どうなる？ 通貨！
9	https://keizaiclub.com/2020/01/03/19726/	2020年どうなる？中国！
10	https://keizaiclub.com/2020/01/02/19723/	2020年どうなる？日本！
10	https://keizaiclub.com/2019/12/31/19718/	ユーチューバーは燃え尽き症候群？ユーチューブの正しい戦略
10	https://keizaiclub.com/2019/12/29/19715/	2万を越えた限界集落..過疎地域が日本を滅ぼす?
10	https://keizaiclub.com/2019/12/24/19712/	世界の紙幣がタンス預金に消える謎
10	https://keizaiclub.com/2019/12/19/19690/	大卒を求める工場労働者！最新アメリカ雇用事情とは？
10	https://keizaiclub.com/2019/12/17/19675/	核軍縮条約の失効？世界の核軍縮の未来とは？
10	https://keizaiclub.com/2019/12/13/19665/	夢も希望もない日本の若者が取るべき行動とは？
10	https://keizaiclub.com/2019/12/12/19663/	超高級不動産の暴落から見るベンチャー市場
10	https://keizaiclub.com/2019/12/05/19650/	赤十字が現地仮想通貨の開発に着手！新通貨の方向性とは？
10	https://keizaiclub.com/2019/12/03/19645/	史上最大に膨張した債務！信用バブル崩壊はいつくるか？
11	https://keizaiclub.com/2019/11/29/19634/	インフラ投資の落とし穴
11	https://keizaiclub.com/2019/11/27/19624/	超健全財政のロシアは強いのか？
11	https://keizaiclub.com/2019/11/25/19616/	中小企業の大廃業時代の生き残り方
11	https://keizaiclub.com/2019/11/21/19611/	大統領選と支配構造(プロレス)の関係
11	https://keizaiclub.com/2019/11/19/19603/	普及進まぬキャッシュレスの行方
11	https://keizaiclub.com/2019/11/14/19594/	資金循環に異変！世界ショックが襲うシナリオ！
11	https://keizaiclub.com/2019/11/12/19583/	急増する空き家と日本の未来
11	https://keizaiclub.com/2019/11/08/19547/	貧困に陥る専業主婦思想
11	https://keizaiclub.com/2019/11/06/19581/	量子コンピューターは仮想通貨を崩壊させるのか？
11	https://keizaiclub.com/2019/11/04/19574/	中東シナリオの秘密：シリア北部(米軍→ロシア軍)の異例事態
12	https://keizaiclub.com/2019/11/01/19561/	イギリスのEU離脱:３つの理由
12	https://keizaiclub.com/2019/10/30/19545/	米大物投資家 仮想通貨マイニングに出資するワケ
12	https://keizaiclub.com/2019/10/28/19541/	3年連続の「想定外」自然災害で損害保険会社が危ない？
12	https://keizaiclub.com/2019/10/25/19538/	世界の９割、景気減速の現実
12	https://keizaiclub.com/2019/10/23/19515/	「滅びる日本」であなたがやるべきこと！
12	https://keizaiclub.com/2019/10/21/19513/	サウジ沖のイランタンカー攻撃：中東戦争への仕掛け？
12	https://keizaiclub.com/2019/10/17/19503/	トルコ軍のシリア侵攻：米露の裏にある本当のシナリオとは？
12	https://keizaiclub.com/2019/10/15/19490/	香港ドルの通貨発行権　米中覇権争いの行方とは？
12	https://keizaiclub.com/2019/10/11/19488/	世界最強パスポートをもつ日本人を活かしましょう！
12	https://keizaiclub.com/2019/10/09/19351/	日本は後進国と認める勇気…
13	https://keizaiclub.com/2019/10/07/19486/	英EU離脱後のEU破綻シナリオとは？
13	https://keizaiclub.com/2019/10/03/19390/	儲かっていますか？究極の節税法を暴露します！
13	https://keizaiclub.com/2019/09/26/19304/	世界トップ大学のブロックチェーン人材育成
13	https://keizaiclub.com/2019/09/24/19338/	ムーディーズ格付け評価下げー邦銀の未来とは？
13	https://keizaiclub.com/2019/09/18/19298/	世界大不況！あなたが保有すべき資産とは？
13	https://keizaiclub.com/2019/09/16/19287/	「中国経済崩壊、秒読み」は本当か？
13	https://keizaiclub.com/2019/09/13/19275/	海外旅行にでる日本人、20代女性が牽引！
13	https://keizaiclub.com/2019/09/11/19283/	4分の1がマイナス金利となる債券バブルの行く末とは？
13	https://keizaiclub.com/2019/09/09/19270/	ビットコイン10万社受け入れ！仮想通貨の近未来とは？
13	https://keizaiclub.com/2019/09/05/19265/	南米債権、「プロレス」から見るデフォルトの方向性
14	https://keizaiclub.com/2019/08/30/19234/	地方の最低賃金を上げると地方を滅ぼすワケ
14	https://keizaiclub.com/2019/08/28/19232/	金融にかけるバフェット、真の狙いとは？
14	https://keizaiclub.com/2019/08/26/19228/	金利上昇で企業が連鎖破綻する危険な地域
14	https://keizaiclub.com/2019/08/23/19173/	フィリピン：ペソ連動コイン発行の教訓
14	https://keizaiclub.com/2019/08/21/19218/	膨らむ債権バブル、崩壊後の世界経済とは？
14	https://keizaiclub.com/2019/08/19/19171/	海外資産5000円以上、未報告の恐怖
14	https://keizaiclub.com/2019/08/15/19151/	滅びゆく日本から脱出せよ！
14	https://keizaiclub.com/2019/08/13/19167/	基軸通貨米ドルから仮想通貨へ変わるシナリオ
14	https://keizaiclub.com/2019/08/08/19153/	お金の相談員に8割が騙されるワケ！
14	https://keizaiclub.com/2019/08/06/19165/	韓国崩壊シナリオ：密かに行われる仮想通貨への包囲網
15	https://keizaiclub.com/2019/08/01/19149/	伝統金融機関、仮想通貨への見解の変化を読み取れ！
15	https://keizaiclub.com/2019/07/30/19119/	【裏話】なぜビットコインが採用されるのか？
15	https://keizaiclub.com/2019/07/25/19117/	トルコがNATO離脱？世界の勢力図に異変が起きている！
15	https://keizaiclub.com/2019/07/23/19112/	『通貨の信用≠裏付け』　通貨の信用とは？
15	https://keizaiclub.com/2019/07/18/19109/	「夢のマイホーム」神話は無謀！
15	https://keizaiclub.com/2019/07/11/19078/	年金に依存する国民は貧乏になる
15	https://keizaiclub.com/2019/07/09/19074/	巨大IT企業が支配する近未来の世界とは？
15	https://keizaiclub.com/2019/07/04/19072/	金とビットコイン同時急騰、どっちが投資対象？
15	https://keizaiclub.com/2019/07/02/19060/	ドル連動の仮想通貨は国際通貨となるか？
15	https://keizaiclub.com/2019/06/27/19046/	仮想通貨が導く未来、世界の流れから遅れる日本人
16	https://keizaiclub.com/2019/06/25/19032/	マイナンバー普及策と未来の国民管理体制
16	https://keizaiclub.com/2019/06/20/19044/	香港「逃亡犯条例」騒動の裏読み
16	https://keizaiclub.com/2019/06/18/19035/	現代貨幣理論と南海トラフ地震の密かな関係
16	https://keizaiclub.com/2019/06/14/19004/	米中貿易戦争の真の勝者
16	https://keizaiclub.com/2019/06/12/19002/	中国、米国債売却でドル崩壊？
16	https://keizaiclub.com/2019/06/11/19026/	ドイツ銀行破綻の新シナリオ
16	https://keizaiclub.com/2019/06/07/18991/	「グーグル翻訳」で世界と仕事する方法
16	https://keizaiclub.com/2019/06/05/18989/	金よりビットコイン！米若い投資家が支持する仮想通貨の未来とは？
16	https://keizaiclub.com/2019/06/03/18985/	人民元の国際化と通貨決済の未来予想
16	https://keizaiclub.com/2019/05/31/18981/	地政学リスクと石油相場の本当の関係性
17	https://keizaiclub.com/2019/05/29/18949/	神がかり経営、孫正義の成功の秘密
17	https://keizaiclub.com/2019/05/27/18967/	親中vs反中、中国に迫られる新興国債務の対応
17	https://keizaiclub.com/2019/05/23/18951/	超金融緩和で衰弱する地銀の連鎖破綻シナリオ
17	https://keizaiclub.com/2019/05/21/18947/	中国共産党の工作員が台湾総統になったら？
17	https://keizaiclub.com/2019/05/17/18944/	米空母イラン派遣：プロレス裏事情
17	https://keizaiclub.com/2019/05/15/18925/	仮想通貨CMを全米放送！暗号資産の展望とは？
17	https://keizaiclub.com/2019/05/13/18922/	中国人観光客依存の怖さ
17	https://keizaiclub.com/2019/05/09/18910/	危ない仮想通貨取引所と仮想通貨
17	https://keizaiclub.com/2019/05/06/18902/	投資信託の押し売り禁止！
17	https://keizaiclub.com/2019/05/02/18896/	家政婦は国際送金革命家
18	https://keizaiclub.com/2019/04/30/18875/	NYSE、ナスダックが仮想通貨に接近する意味とは？
18	https://keizaiclub.com/2019/04/26/18838/	不法移民問題で支持を集めるトランプの手腕
18	https://keizaiclub.com/2019/04/24/18836/	アメリカ現代貨幣理論の支持拡大がもたらす未来
18	https://keizaiclub.com/2019/04/22/18834/	IMFと世銀がブロックチェーンに乗り出した意味とは？
18	https://keizaiclub.com/2019/04/18/18825/	あなたが知らない2024年の新紙幣の変更のシナリオ
18	https://keizaiclub.com/2019/04/16/18798/	「ビットコインは95%偽装取引」の噂の真相
18	https://keizaiclub.com/2019/04/12/18802/	キャッシュレス社会 vs 低所得者層
18	https://keizaiclub.com/2019/04/10/18771/	1万円廃止論の裏側
18	https://keizaiclub.com/2019/04/05/18773/	ブロックチェーン人材の求人数で見える仮想通貨の未来
18	https://keizaiclub.com/2019/04/03/18719/	住宅価格だけ上昇する異質インフレのアメリカ
19	https://keizaiclub.com/2019/04/01/18717/	マンション契約率悪化！不動産バブル崩壊の前兆か？
19	https://keizaiclub.com/2019/03/28/18709/	海外投資家が日本国債に投資する訳
19	https://keizaiclub.com/2019/03/26/18701/	「現代金融理論」で脚光！財政赤字拡大路線の裏側
19	https://keizaiclub.com/2019/03/22/18697/	石油メジャー：石油取引ブロックチェーン連合の結成の意味！
19	https://keizaiclub.com/2019/03/20/18688/	バフェット流が通用しなくなったワケ
19	https://keizaiclub.com/2019/03/18/18686/	金融庁が大手銀行を一斉調査したキケンな投資
19	https://keizaiclub.com/2019/03/15/18670/	日本人が外国人労働者を活用するコツとは？
19	https://keizaiclub.com/2019/03/11/18666/	人口減少するフランスが豊かになる搾取構造
19	https://keizaiclub.com/2019/03/07/18656/	仮想通貨投資を推奨する米年金コンサル企業
19	https://keizaiclub.com/2019/03/05/18654/	メキシコ大規模ストライキを仕掛ける裏勢力
20	https://keizaiclub.com/2019/03/01/18643/	「日本株爆買い」嵌められる日銀の運命
20	https://keizaiclub.com/2019/02/28/18634/	意外に遅い日本の光通信速度、競争力落ちる日本の未来
20	https://keizaiclub.com/2019/02/26/18631/	監視社会のススメ！プライバシーなしが心地よい？
20	https://keizaiclub.com/2019/02/22/18613/	初心者でも失敗しない投資のリスク管理法
20	https://keizaiclub.com/2019/02/20/18629/	年間２２０兆円の不法取引：金融界の未来
20	https://keizaiclub.com/2019/02/18/18608/	マイニング事業に投資するSBI北尾氏のビジョン
20	https://keizaiclub.com/2019/02/15/18605/	世界で増加する企業格下げ、今年の秋は要注意！？
20	https://keizaiclub.com/2019/02/12/18590/	政情不安にさせる移民政策の裏
20	https://keizaiclub.com/2019/02/08/18585/	ダボス会議で語られたブロックチェーンの未来像
20	https://keizaiclub.com/2019/02/06/18575/	ブレグジットで大揺れ！イギリスとEUが襲う混乱とは？
21	https://keizaiclub.com/2019/02/04/18567/	NYに「トークン不動産」ブロックチェーンの未来
21	https://keizaiclub.com/2019/01/31/18549/	産業用大麻を合法化! アメリカの未来
21	https://keizaiclub.com/2019/01/29/18569/	海外直接投資19%減から予測する世界経済
21	https://keizaiclub.com/2019/01/25/18565/	イスラエル「イラン軍拠点を空爆」の裏事情
21	https://keizaiclub.com/2019/01/23/18533/	仮想通貨で出資規制！証券詐欺はなくなるか？
21	https://keizaiclub.com/2019/01/17/18405/	海外隠し資産、国税への正しい対処法
21	https://keizaiclub.com/2019/01/15/18503/	日銀の株買い6.5兆円の恐怖
21	https://keizaiclub.com/2019/01/10/18500/	大手マイニング事業撤退！でも個人が勝てる理由
21	https://keizaiclub.com/2019/01/08/18498/	米韓、駐留経費交渉の行方
21	https://keizaiclub.com/2019/01/04/18471/	どうなる2019年！？　日本
22	https://keizaiclub.com/2019/01/03/18469/	どうなる2019年！？　中東情勢
22	https://keizaiclub.com/2019/01/02/18467/	どうなる2019年！？米中関係
22	https://keizaiclub.com/2018/12/31/18408/	米中貿易戦争で恩恵を受ける国　
22	https://keizaiclub.com/2018/12/27/18426/	世界の社債が9年ぶり安値！世界経済の火ダネ
22	https://keizaiclub.com/2018/12/20/18350/	ITを使わなければ企業は潰れる
22	https://keizaiclub.com/2018/12/18/18348/	OPEC減産合意からみる未来のシナリオ　
22	https://keizaiclub.com/2018/12/13/18245/	少子高齢化社会に終末医療の在り方
22	https://keizaiclub.com/2018/12/11/18241/	仮想通貨急落でもマイニング事業が儲かる訳
22	https://keizaiclub.com/2018/12/04/18206/	ダウンピング調査に潜む中国の狙い
22	https://keizaiclub.com/2018/11/28/18184/	「GAFA」を使いこなせば稼ぐ人間になれる理由
23	https://keizaiclub.com/2018/11/26/18202/	ゴーン氏逮捕:陰謀論の真相
23	https://keizaiclub.com/2018/11/23/18182/	ICO詐欺、不正横行：裏で仕掛けられる実験とは？
23	https://keizaiclub.com/2018/11/21/18179/	仮想通貨ブームの終焉：仮想通貨の未来とは？　
23	https://keizaiclub.com/2018/11/19/18177/	「日銀の死」がもたらす日本経済の最大リスク　
23	https://keizaiclub.com/2018/11/15/18175/	中国技術は日本に勝つ？　
23	https://keizaiclub.com/2018/11/13/18142/	中間選挙がもたらすアメリカ政治の変化とは？　
23	https://keizaiclub.com/2018/11/09/18109/	外国人労働者受け入れで日本復活？
23	https://keizaiclub.com/2018/11/07/18107/	50年で世界の資源消費２倍で地球崩壊？
23	https://keizaiclub.com/2018/11/05/18096/	新NAFTA、日本経済への影響　
23	https://keizaiclub.com/2018/11/02/18094/	対日感情が大きく変わった中国人　
24	https://keizaiclub.com/2018/11/01/18092/	地銀の６割、海外現金送金停止！の裏事情　
24	https://keizaiclub.com/2018/10/26/18057/	誹謗中傷が好きな中高年はどう生きればいいのか？　
24	https://keizaiclub.com/2018/10/25/18054/	IT投資不足、AIビジネスに日本は乗り遅れる？
24	https://keizaiclub.com/2018/10/23/18052/	国税に筒抜けの海外口座40万件
24	https://keizaiclub.com/2018/10/18/18044/	フィリピン外資優遇か、閉め出しか？規制緩和の矛盾　
24	https://keizaiclub.com/2018/10/16/18032/	「米中冷戦」による世界経済への影響とは？
24	https://keizaiclub.com/2018/10/11/18015/	2020年、不況はなぜ起こるのか？　
24	https://keizaiclub.com/2018/10/09/18008/	日本経済を左右する石油価格の行方とは？
24	https://keizaiclub.com/2018/10/05/17991/	東京オリンピック後に起きるもう一つの危機とは？
24	https://keizaiclub.com/2018/10/03/17987/	モルディブ大統領選で親中派敗北、どうなる中国への債務？
25	https://keizaiclub.com/2018/10/01/17954/	なぜ仮想通貨マイニング事業が急成長するのか？　
25	https://keizaiclub.com/2018/09/28/17942/	外資優遇の縮小によるフィリピン経済への影響
25	https://keizaiclub.com/2018/09/26/17946/	海外勢の日本国債保有、過去最高！外資資金調達の裏側
25	https://keizaiclub.com/2018/09/24/17944/	通貨暴落に苦しむイラン、チャンスの投資家
25	https://keizaiclub.com/2018/09/21/17933/	上司、部下なしの企業は成功できるのか？
25	https://keizaiclub.com/2018/09/19/17930/	地銀が活用する私募投信のメリットとは？　
25	https://keizaiclub.com/2018/09/17/17926/	貿易戦争はいつまで続くのか？
25	https://keizaiclub.com/2018/09/13/17911/	稼ぐ女性ほど結婚できない現実
25	https://keizaiclub.com/2018/09/11/17908/	バフェット流「割安株投資」は通用しない！？　
25	https://keizaiclub.com/2018/09/07/17891/	認知症患者が日本経済を滅ぼす？
26	https://keizaiclub.com/2018/09/05/17889/	世界貿易「スロートレード」時代とは？　
26	https://keizaiclub.com/2018/09/03/17877/	銀行法規制緩和 「窓口平日休み」の裏読み
26	https://keizaiclub.com/2018/08/31/17880/	恩返し精神を持てば自然に成功できる　
26	https://keizaiclub.com/2018/08/29/17882/	新興国の資金援助「IMFか中国か」　どちらが賢明？
26	https://keizaiclub.com/2018/08/27/17866/	世界不況時の割安株は株の買い時か？　
26	https://keizaiclub.com/2018/08/24/17861/	不良債権処理を始めた地方銀行の時限爆弾
26	https://keizaiclub.com/2018/08/22/17857/	世銀がブロックチェーン債券を発行する意味
26	https://keizaiclub.com/2018/08/20/17852/	トルコ危機の真相　
26	https://keizaiclub.com/2018/08/16/17834/	日本３大リスクは回避不可能か？
26	https://keizaiclub.com/2018/08/14/17831/	使用量85%減のビットコインはなぜ生き残るのか？
27	https://keizaiclub.com/2018/08/10/17800/	日本経済壊滅させる巨大リスクとは？
27	https://keizaiclub.com/2018/08/08/17792/	フィリピン不動産：手抜き工事の見極め方
27	https://keizaiclub.com/2018/08/06/17789/	スマホにマイナンバー機能搭載に隠された代償
27	https://keizaiclub.com/2018/08/03/17785/	アメリカが持つ経済核兵器
27	https://keizaiclub.com/2018/08/01/17767/	子供達の夢「ユーチューバー」のススメ　
27	https://keizaiclub.com/2018/07/30/17765/	イスラエル「ユダヤ人国家」に隠された真相　
27	https://keizaiclub.com/2018/07/27/17763/	金融機関の連鎖破綻？異次元緩和の副作用
27	https://keizaiclub.com/2018/07/25/17761/	IEAの原油月報の真相
27	https://keizaiclub.com/2018/07/23/17750/	沖縄はアジア最強リゾート？
27	https://keizaiclub.com/2018/07/20/17746/	日本企業はなぜアメリカに投資するのか？
28	https://keizaiclub.com/2018/07/18/17741/	東南アジア：貿易戦争で成長減速？
28	https://keizaiclub.com/2018/07/16/17702/	トランプ政権の政策シナリオライター(実名付き)
28	https://keizaiclub.com/2018/07/13/17719/	老後資金、足りていますか？
28	https://keizaiclub.com/2018/07/11/17716/	リースが消える？中小企業大打撃の訳
28	https://keizaiclub.com/2018/07/09/17706/	アメリカによる中国仕掛け？イラン原油貿易での罠
28	https://keizaiclub.com/2018/07/05/17671/	日本健全論者の盲点
28	https://keizaiclub.com/2018/07/04/17666/	築30年で資産価値下げるマンション経営の罠
28	https://keizaiclub.com/2018/07/02/17664/	中国の試練：中国はどう乗り越えるのか？
28	https://keizaiclub.com/2018/06/28/17662/	欧州、脱プラスチックの隠された影響とは？
28	https://keizaiclub.com/2018/06/26/17657/	メキシコ大統領選　新興左派政権になったら・・・
29	https://keizaiclub.com/2018/06/22/17631/	「定年後に飲食店」はお勧めしません！　
29	https://keizaiclub.com/2018/06/20/17627/	地銀の越境融資拡大！地方の崩壊危機
29	https://keizaiclub.com/2018/06/19/17624/	「円安は景気にいい」は嘘！？　
29	https://keizaiclub.com/2018/06/15/17519/	フィリピン企業の半数が不正被害！犯罪の具体的手口とは？
29	https://keizaiclub.com/2018/06/13/17516/	次世代のグローバル化ビジネスとは？　
29	https://keizaiclub.com/2018/06/11/17511/	横森一輝が注目する唯一の仮想通貨
29	https://keizaiclub.com/2018/06/07/17493/	忍び寄るインフレの恐怖
29	https://keizaiclub.com/2018/06/05/17485/	終戦前にも言われていた『国債＝国民の借金』
29	https://keizaiclub.com/2018/06/01/17478/	株式投資はプロに任せるな！
29	https://keizaiclub.com/2018/05/30/17469/	中国、金融外資の参入による影響
30	https://keizaiclub.com/2018/05/30/17474/	日本で起きる大量失業時代
30	https://keizaiclub.com/2018/05/28/17465/	不動産サブリースの罠：騙された投資家が悪い？　
30	https://keizaiclub.com/2018/05/25/17406/	福祉国家の理想は諦めなさい！
30	https://keizaiclub.com/2018/05/23/17440/	財政黒字化の目標設定は永遠に先延ばし
30	https://keizaiclub.com/2018/05/21/17456/	香港の不動産バブル崩壊？金利上昇が与える影響　
30	https://keizaiclub.com/2018/05/17/17453/	米朝首脳会談と中国貿易戦争での隠された戦略
30	https://keizaiclub.com/2018/05/15/17436/	日銀の出口戦略は粉飾決算
30	https://keizaiclub.com/2018/05/11/17403/	地方銀行：恐ろしい素人運用の実態　
30	https://keizaiclub.com/2018/05/09/17433/	次期CIA長官から見るトランプ政権の方向性
30	https://keizaiclub.com/2018/05/08/17401/	コインチェック荒稼ぎのカラクリ
31	https://keizaiclub.com/2018/05/04/17378/	Facebookの正体：一般人の洗脳法
31	https://keizaiclub.com/2018/05/02/17398/	外国投資が半減！フィリピン経済の行方
31	https://keizaiclub.com/2018/05/01/17391/	世界のインフレに対応する日銀の財政破綻防止策　
31	https://keizaiclub.com/2018/04/27/17371/	激変するベンチャー投資：アジア VS シリコンバレー　
31	https://keizaiclub.com/2018/04/25/17362/	『不平等』は富裕層の繁栄をもたらす理由
31	https://keizaiclub.com/2018/04/24/17360/	日米貿易交渉の行方：TPPかFTAか？
31	https://keizaiclub.com/2018/04/19/17354/	企業の年金破綻時代
31	https://keizaiclub.com/2018/04/17/17351/	トランプ大統領がアマゾンを口撃する裏事情
31	https://keizaiclub.com/2018/04/12/17335/	反ユダヤ主義はやめましょう
31	https://keizaiclub.com/2018/04/10/17319/	その老朽化直せません！どうなるマンション不動産？
32	https://keizaiclub.com/2018/04/06/17317/	今、最も投資に適した国ベスト20
32	https://keizaiclub.com/2018/04/05/17287/	認知症高齢者が大株主になる日本の将来
32	https://keizaiclub.com/2018/04/03/17314/	中国、原油先物上場がもたらす世界原油価格への影響
32	https://keizaiclub.com/2018/03/30/17285/	国際刑事裁の脱退、フィリピン外交の行方
32	https://keizaiclub.com/2018/03/28/17281/	急増する新興国のエネルギー需要
32	https://keizaiclub.com/2018/03/26/17279/	ラトビアの金融スキャンダルから見る反ロシア工作
32	https://keizaiclub.com/2018/03/22/17250/	「スピリチュアル」依存から脱却せよ！
32	https://keizaiclub.com/2018/03/21/17174/	海外日本食ブームで成功できる！に要注意です
32	https://keizaiclub.com/2018/03/19/17248/	大手金融商品、一夜で96％暴落！
32	https://keizaiclub.com/2018/03/14/17246/	『腹黒い』仮想通貨取引所の実態
33	https://keizaiclub.com/2018/03/09/17171/	地方銀行の破綻に備えよ！
33	https://keizaiclub.com/2018/03/07/17176/	生命保険の不条理
33	https://keizaiclub.com/2018/03/05/17168/	東南アジア不動産：着目するターゲット層の変化！　
33	https://keizaiclub.com/2018/03/01/17142/	バブル弾けるアジア不動産、狙うべき不動産投資とは？
33	https://keizaiclub.com/2018/02/28/17140/	香港、資金規制：裏金の話
33	https://keizaiclub.com/2018/02/26/17136/	日本ではなく海外で稼げ！
33	https://keizaiclub.com/2018/02/23/17120/	「人生100年時代」の老後、考えていますか？
33	https://keizaiclub.com/2018/02/21/17134/	仮想通貨取引所の選び方
33	https://keizaiclub.com/2018/02/15/17125/	『陰謀論』を作った犯人がアメリカで公開されています
33	https://keizaiclub.com/2018/02/13/17117/	コインチェックがぼろ儲けした相対取引の裏話
34	https://keizaiclub.com/2018/02/08/17091/	海外に完敗の日本の『おもてなし』
34	https://keizaiclub.com/2018/02/07/17086/	アジアで拡がる商用不動産の変化
34	https://keizaiclub.com/2018/02/03/17089/	「5年以内に日本破綻」経済学巨匠が明言
34	https://keizaiclub.com/2018/01/30/17084/	国債先物取引：海外勢54%、海外投資家の真の狙いとは？
34	https://keizaiclub.com/2018/01/26/17062/	究極の監視社会の未来像　
34	https://keizaiclub.com/2018/01/24/17060/	海外不動産の節税法がなくなる！？
34	https://keizaiclub.com/2018/01/22/17058/	「朝鮮半島非核化」から見る軍事産業の未来像
34	https://keizaiclub.com/2018/01/18/17040/	留学渡航先5位になったフィリピン、海外留学のススメ　
34	https://keizaiclub.com/2018/01/16/17037/	「中国化」によるアジア経済の近未来像
34	https://keizaiclub.com/2018/01/12/17035/	仕事への情熱を失った日本人が生き残る道　
35	https://keizaiclub.com/2018/01/10/17021/	イラン反政府デモの真相〜仕掛けられる中東の秘密　
35	https://keizaiclub.com/2018/01/08/17003/	人工知能時代でも勝ち残る職種
35	https://keizaiclub.com/2018/01/05/17005/	日本人がプライバシーを失う日
35	https://keizaiclub.com/2018/01/03/16998/	地震発生メカニズムの新仮説に注目すべき理由
35	https://keizaiclub.com/2018/01/02/16996/	2018年度一般会計予算から見る日本の方向性
35	https://keizaiclub.com/2017/12/29/16971/	消費ではなく貯蓄に課税！日本の税制の近未来
35	https://keizaiclub.com/2017/12/27/16966/	ビットコインの後にくる次世代の通貨とは？
35	https://keizaiclub.com/2017/12/22/16959/	人民元国際化が立ち往生した理由
35	https://keizaiclub.com/2017/12/20/16956/	ビットコインはスリル満点のお粗末な通貨
35	https://keizaiclub.com/2017/12/18/16942/	仮想通貨バブルの有頂天は超要注意！
36	https://keizaiclub.com/2017/12/15/16940/	世界のキャッシュレス化から見る通貨の未来
36	https://keizaiclub.com/2017/12/13/16935/	国際金融の新規制「バーゼル３」が世界経済に与える影響
36	https://keizaiclub.com/2017/12/12/16857/	電子マネーの最大の欠点を解決する未来像
36	https://keizaiclub.com/2017/12/08/16850/	景気を上げるには金利を上げろ！
36	https://keizaiclub.com/2017/12/06/16848/	適正にリスクを判断して保険で損しない方法
36	https://keizaiclub.com/2017/12/04/16846/	ベネズエラが破綻寸前になった本当の理由
36	https://keizaiclub.com/2017/12/01/16792/	留学のススメ
36	https://keizaiclub.com/2017/11/29/16830/	ASEAN声明から見る世界のパワーバランス読み
36	https://keizaiclub.com/2017/11/27/16828/	安倍首相、矛盾だらけの所信表明
36	https://keizaiclub.com/2017/11/23/16790/	ワンルーム投資の隠された落とし穴
37	https://keizaiclub.com/2017/11/21/16765/	金融緩和を支持する日本人は愚民である
37	https://keizaiclub.com/2017/11/16/16760/	買っていい投資信託
37	https://keizaiclub.com/2017/11/14/16749/	アメリカ法人税、大減税の効果とは？
37	https://keizaiclub.com/2017/11/08/16711/	「1万円の発行残高過去最高」の裏読み
37	https://keizaiclub.com/2017/11/06/16680/	日本の海外資産１０００兆円、個人が海外に資産を逃す方法
37	https://keizaiclub.com/2017/11/03/16677/	米、ミャンマー制裁の裏読み
37	https://keizaiclub.com/2017/11/01/16707/	アジアを動かす『ある』団体の正体
37	https://keizaiclub.com/2017/10/30/16699/	スペイン、カタルーニャ独立問題２つのシナリオとは？
37	https://keizaiclub.com/2017/10/27/16675/	金融緩和での日本株バブルはいつまで続くのか？
37	https://keizaiclub.com/2017/10/25/16659/	急成長を遂げる中国アリババの将来性
38	https://keizaiclub.com/2017/10/23/16657/	どうなる日本の不動産？絶対に避けられない地価崩壊！
38	https://keizaiclub.com/2017/10/19/16528/	米・トルコ　対立軸の裏側
38	https://keizaiclub.com/2017/10/16/16503/	多くの日本健全論者が見逃す落とし穴
38	https://keizaiclub.com/2017/10/12/16501/	日本人ギャンブル依存症７０万人の嘘
38	https://keizaiclub.com/2017/10/10/16498/	粉飾GDPの中国経済の実態
38	https://keizaiclub.com/2017/10/06/16494/	賃金上昇に変化、インフレの日は近い日本
38	https://keizaiclub.com/2017/10/04/16483/	破綻間近！地銀の粉飾に金融庁が警鐘した！
38	https://keizaiclub.com/2017/10/02/16462/	自動車の未来像：本当に燃料から電気に置き換わるのか？
38	https://keizaiclub.com/2017/09/28/16456/	クルド自治政府の独立運動を阻止したい欧米
38	https://keizaiclub.com/2017/09/26/16458/	高値相次ぐ新興国株に要注意！
39	https://keizaiclub.com/2017/09/22/16417/	あなたが保有していい仮想通貨の『ある』条件とは？
39	https://keizaiclub.com/2017/09/20/16415/	幸福度とお金の関係
39	https://keizaiclub.com/2017/09/18/16410/	危ういICOの錬金術
39	https://keizaiclub.com/2017/09/15/16406/	仮想通貨の利益は雑所得に！本気をだす国税
39	https://keizaiclub.com/2017/09/13/16380/	中国人富裕層、２つの金持ちとは？
39	https://keizaiclub.com/2017/09/08/16374/	インターネットで情報操作されている真の理由(ヒント：政府じゃないです)
39	https://keizaiclub.com/2017/09/06/16372/	北朝鮮ミサイルが発射され円高になる本当の理由
39	https://keizaiclub.com/2017/08/31/16346/	非課税になる投資優遇制度に騙されるな！
39	https://keizaiclub.com/2017/08/29/16340/	米、パキスタンに「同盟剥奪」に関わる裏話
39	https://keizaiclub.com/2017/08/25/16323/	持ち家は危険！　限界点に達しつつある日本の不動産
40	https://keizaiclub.com/2017/08/23/16321/	生命保険の正しい選び方
40	https://keizaiclub.com/2017/08/21/16319/	アジアの一国が急成長する理由
40	https://keizaiclub.com/2017/08/17/16276/	人工知能を活かせる人材になれるか？
40	https://keizaiclub.com/2017/08/15/16270/	官民の革新機構、ベンチャー投資８割失敗の現実
40	https://keizaiclub.com/2017/08/11/16208/	アメリカの「内向き」政策がもたらす世界経済圏の再編
40	https://keizaiclub.com/2017/08/09/16267/	元FRB議長グリースパン氏「債券バブル崩壊」
40	https://keizaiclub.com/2017/08/03/16205/	日銀：賃貸住宅市場に異例の警鐘：隠された思惑とは？
40	https://keizaiclub.com/2017/08/01/16183/	人工知能は投資必勝法を確立できるのか？
40	https://keizaiclub.com/2017/07/28/16172/	『脱時間給』法案：将来求められる人材像とは？
40	https://keizaiclub.com/2017/07/26/16168/	香港とASEANのFTA締結がもたらすアジアの将来
41	https://keizaiclub.com/2017/07/20/15987/	日本の医師の半数『医療崩壊する』
41	https://keizaiclub.com/2017/07/19/15984/	地方自治体の半数が消滅する日本社会をどう生き抜く？
41	https://keizaiclub.com/2017/07/17/15980/	だまされてはいけない！大損する金融プロのアドバイス
41	https://keizaiclub.com/2017/07/13/15956/	儲からない投資信託を選ばされる推奨法に騙されるな！
41	https://keizaiclub.com/2017/07/11/15971/	「仮想通貨の収益はバレない？」に要注意！
41	https://keizaiclub.com/2017/07/06/15954/	FRBの方針でゴールドが値上がりしない理由
41	https://keizaiclub.com/2017/07/04/15660/	長生きで貯金０円の恐怖、資産運用の考え方を変えよ！
41	https://keizaiclub.com/2017/06/30/15654/	過去４度起きた国債急落、歴史は繰り返す！
41	https://keizaiclub.com/2017/06/28/15658/	金利なしで過去最高の預金残高が物語る日本経済
41	https://keizaiclub.com/2017/06/26/15656/	日本人投資家が熱狂するビットコインに要注意！
42	https://keizaiclub.com/2017/06/22/15703/	中東敵対国双方に武器販売するアメリカの国益
42	https://keizaiclub.com/2017/06/20/15625/	カジノ業界、資金洗浄の規制と次世代の通貨システム　
42	https://keizaiclub.com/2017/06/15/15623/	石油業界の「勝者」「敗者」で見極める世界支配構造
42	https://keizaiclub.com/2017/06/13/15620/	インド裏金撲滅で暴落する相場とは？
42	https://keizaiclub.com/2017/06/07/15583/	世界支配層に反旗を翻すフィリピンの行方
42	https://keizaiclub.com/2017/06/05/15544/	アメリカを操る外交戦略家がみるトランプ政権
42	https://keizaiclub.com/2017/06/01/15531/	三菱UFJ銀行コインの秘密
42	https://keizaiclub.com/2017/05/30/15471/	日本が海外から投資されるための条件
42	https://keizaiclub.com/2017/05/25/15465/	海外投資の判断基準とは？
42	https://keizaiclub.com/2017/05/23/15459/	ドイツ地方選挙から見えるEUの行方
43	https://keizaiclub.com/2017/05/18/15411/	中国出張で諦めるべき不便さとは？
43	https://keizaiclub.com/2017/05/16/15409/	あなたの資産が搾取される危険な投資信託
43	https://keizaiclub.com/2017/05/11/15391/	米法人税大減税はアメリカ経済に幸運をもたらすのか？
43	https://keizaiclub.com/2017/05/09/15305/	サラリーマン大家がババを掴む理由
43	https://keizaiclub.com/2017/05/04/15298/	ロボットより能力ありますか？
43	https://keizaiclub.com/2017/05/02/15291/	イギリス議会　解散理由の秘密
43	https://keizaiclub.com/2017/04/27/15250/	夏よりインフレ確実！想定外の要因とは？
43	https://keizaiclub.com/2017/04/25/15248/	ロシア：プーチン大統領 VS アメリカ：トランプ大統領
43	https://keizaiclub.com/2017/04/21/15239/	勤勉な日本人の優位性
43	https://keizaiclub.com/2017/04/19/15235/	「先行き不安」でタンス預金する馬鹿げた富裕層
44	https://keizaiclub.com/2017/04/13/15175/	日本魂を忘れるな！
44	https://keizaiclub.com/2017/04/11/15173/	サウジアラビアが最も恐れるシナリオとは？
44	https://keizaiclub.com/2017/04/06/14768/	ゴミ金融商品の評価指標は顧客本位になるのか？
44	https://keizaiclub.com/2017/04/04/14766/	イギリスがEU離脱する本当の理由
44	https://keizaiclub.com/2017/03/30/14749/	国が狙う休眠預金の没収
44	https://keizaiclub.com/2017/03/28/14742/	世界経済に影響を与える中国の政策変更
44	https://keizaiclub.com/2017/03/24/14726/	日銀、物価上昇率２％の『偽』目標
44	https://keizaiclub.com/2017/03/20/14700/	マイホームを購入して貧乏になるワケ
44	https://keizaiclub.com/2017/03/17/14696/	やりたいことを見つける自己発見法
44	https://keizaiclub.com/2017/03/15/14692/	バフェット信仰の終焉
45	https://keizaiclub.com/2017/03/13/14685/	なぜアジアに投資すべきか？
45	https://keizaiclub.com/2017/03/09/14683/	ヘッジファンド売り推奨に騙されるな！
45	https://keizaiclub.com/2017/03/07/14653/	中国大気汚染が世界インフレを招く
45	https://keizaiclub.com/2017/03/02/14647/	仮想通貨ビットコインの罠
45	https://keizaiclub.com/2017/02/28/14640/	トランプを裏で操る人間
45	https://keizaiclub.com/2017/02/24/14605/	インド：不正資金取締の裏側
45	https://keizaiclub.com/2017/02/22/14601/	あなたの海外資産は国税にすべて把握されています
45	https://keizaiclub.com/2017/02/20/14596/	トランプの仕打ちに対するメキシコの反撃
45	https://keizaiclub.com/2017/02/17/14576/	慰安婦像の設置団体の『正体』
45	https://keizaiclub.com/2017/02/16/14569/	質問862 新円切替でも対象外の硬貨は破綻対策になるか？
46	https://keizaiclub.com/2017/02/15/14574/	安倍首相のゴルフ外交、『親密』日米関係の行方
46	https://keizaiclub.com/2017/02/13/14561/	老後貧困はマイホームからはじまる
46	https://keizaiclub.com/2017/02/09/14557/	日本の脱デフレと財政問題の驚愕な解決手法
46	https://keizaiclub.com/2017/02/07/14539/	国務省幹部の辞職から読むトランプ政権の隠された狙い
46	https://keizaiclub.com/2017/02/02/14482/	脱原発で恩恵を受ける産業
46	https://keizaiclub.com/2017/01/26/14458/	トランプ政権によるＴＰＰ離脱後の仕掛けとは？
46	https://keizaiclub.com/2017/01/24/14426/	投資ファンドの社会的役割とは？
46	https://keizaiclub.com/2017/01/19/14412/	安倍首相：フィリピン1兆円の経済支援は最良の判断か？
46	https://keizaiclub.com/2017/01/17/14401/	ビットコインは投資かギャンブルか？
46	https://keizaiclub.com/2017/01/12/14340/	低収入男性が最愛の女性を見つける『視点』
47	https://keizaiclub.com/2017/01/10/14338/	日本は資本主義の終焉モデル
47	https://keizaiclub.com/2017/01/06/14330/	ビジネスで勝つ戦略の基本要素
47	https://keizaiclub.com/2017/01/04/14306/	団塊の世代が80代を迎える2030年
47	https://keizaiclub.com/2017/01/03/14292/	落ちぶれる日本経済、日本人が生き残る術とは？
47	https://keizaiclub.com/2016/12/29/14294/	1946年の預金封鎖の現実
47	https://keizaiclub.com/2016/12/27/14282/	中国賃金引き上げによる人民元への影響
47	https://keizaiclub.com/2016/12/22/14275/	トランプの閣僚人事で見る未来予想図
47	https://keizaiclub.com/2016/12/20/14267/	崩壊危機の韓国から学ぶべき教訓
47	https://keizaiclub.com/2016/12/15/14251/	ＯＰＥＣ石油生産の減産合意がもたらす石油価格の行方とは？
47	https://keizaiclub.com/2016/12/13/14249/	ＥＵ離脱によりイギリス金融街がより強固になる理由
48	https://keizaiclub.com/2016/12/08/14211/	サラリーマン大家の危険な罠
48	https://keizaiclub.com/2016/12/06/14209/	国民年金改正法案を巡る与野党の茶番劇
48	https://keizaiclub.com/2016/12/01/14206/	トルコ：ＥＵ加盟交渉 中断決議への逆襲
48	https://keizaiclub.com/2016/11/29/14195/	狙い撃ちされる富裕層の真の節税対策とは？
48	https://keizaiclub.com/2016/11/24/14161/	密かに世界金融を動かす国際金融機関とは？
48	https://keizaiclub.com/2016/11/24/14150/	横森一輝が読み解く激動2017年世界経済予測セミナー
48	https://keizaiclub.com/2016/11/23/14185/	ジョホールバルは廃墟化するのか？
48	https://keizaiclub.com/2016/11/22/14159/	インド タンス預金の焙りだし政策
48	https://keizaiclub.com/2016/11/17/14148/	インデックスファンドの落とし穴
48	https://keizaiclub.com/2016/11/15/14135/	年金破綻であなたができることはあるのか？
49	https://keizaiclub.com/2016/11/10/14133/	国家が失われる次世代の社会とは？
49	https://keizaiclub.com/2016/11/08/14131/	日本の金融機関が直面する崩壊危機とは？
49	https://keizaiclub.com/2016/11/03/14112/	狂気的に融資する銀行の狙いとは？
49	https://keizaiclub.com/2016/11/01/14106/	中東政策はアメリカよりロシアが主役か？
49	https://keizaiclub.com/2016/10/27/14100/	金利上昇時代の隠された意図と対応策
49	https://keizaiclub.com/2016/10/25/14098/	『金融政策の終焉報道』の秘密
49	https://keizaiclub.com/2016/10/20/14090/	大統領発言に揺れるフィリピンペソをどう見る？
49	https://keizaiclub.com/2016/10/18/14078/	史上最悪の相続資産とは？
49	https://keizaiclub.com/2016/10/14/14076/	大不祥事企業をバフェットが買い増す理由
49	https://keizaiclub.com/2016/10/12/14062/	外国人労働者受け入れの落とし穴
50	https://keizaiclub.com/2016/10/10/14060/	タワーマンションの不動産バブルはいつ崩壊するか？
50	https://keizaiclub.com/2016/10/06/14058/	米企業の国外資金への課税強化が為替に影響を与えるワケ
50	https://keizaiclub.com/2016/10/04/14056/	ドイツ銀行が破綻する爆弾訴訟リスク
50	https://keizaiclub.com/2016/09/30/14047/	財務省の海外法人税逃れ課税策の対策
50	https://keizaiclub.com/2016/09/28/14044/	都心マンションが暴落？ マンションバブル崩壊の始まりか？
50	https://keizaiclub.com/2016/09/22/14038/	比麻薬大戦争を仕掛けるドゥテルテ大統領の裏側
50	https://keizaiclub.com/2016/09/22/14040/	韓国の韓進海運の破たんから見る『ある』特殊事情
50	https://keizaiclub.com/2016/09/16/14016/	日本円か紙くずとなる日への心構え
50	https://keizaiclub.com/2016/09/14/14012/	多国籍企業の徴税時代に儲かる投資先
50	https://keizaiclub.com/2016/09/12/14010/	イギリスＥＵ離脱で恩恵を受ける国
51	https://keizaiclub.com/2016/09/08/14008/	いつの間にか国有化された日本企業
51	https://keizaiclub.com/2016/09/07/14003/	愚策となるタックスヘイブンへの租税回避策
51	https://keizaiclub.com/2016/09/05/13999/	年金崩壊のための対策は今から打て！
51	https://keizaiclub.com/2016/09/01/13993/	フィリピン 外資規制変更による海外投資家への恩恵
51	https://keizaiclub.com/2016/08/30/13980/	租税回避策の開示義務化で怪しい節税に要注意！
51	https://keizaiclub.com/2016/08/26/13978/	『中案米の自由貿易圏』創設に隠された策略とは？
51	https://keizaiclub.com/2016/08/24/13969/	富裕層になる『マインドセット』とは？
51	https://keizaiclub.com/2016/08/22/13967/	大手メディアが情報操作する方法（原文付き）
51	https://keizaiclub.com/2016/08/19/13963/	日銀の国債引き受け『痛い』日本の行く末
51	https://keizaiclub.com/2016/08/17/13958/	子供を持ちたくない男性が急増しているワケ
52	https://keizaiclub.com/2016/08/15/13951/	インド：税制整備を整え外資参入への期待
52	https://keizaiclub.com/2016/08/11/13949/	経済特区に新規参入する成功法
52	https://keizaiclub.com/2016/08/09/13942/	期待されるフィリピンの未来
52	https://keizaiclub.com/2016/08/05/13934/	パナマ文書から学ぶ絶対にやってはならない教訓
52	https://keizaiclub.com/2016/08/03/13922/	西側諸国に接近するインド外交にまつわる裏話
52	https://keizaiclub.com/2016/07/29/13920/	密かに日本国債で『儲けている』外資とは？
52	https://keizaiclub.com/2016/07/27/13910/	爆買い終了で閑古鳥が鳴く高級デパートの惨状とは？
52	https://keizaiclub.com/2016/07/25/13908/	南シナ海仲裁裁判 今後の中国の行方は？
52	https://keizaiclub.com/2016/07/21/13878/	大豪邸に住む大地主の『苦悩』
52	https://keizaiclub.com/2016/07/15/13864/	『イギリス離脱ショック』がもたらす世界の大転換期とは？
53	https://keizaiclub.com/2016/07/08/13840/	ブラジル財政の非常事態宣言によるオリンピック開催危機
53	https://keizaiclub.com/2016/06/30/13824/	２４年ぶりの高水準になった有効求人倍率の落とし穴
53	https://keizaiclub.com/2016/06/27/13822/	日本インフレ時代になる『ある』トリガーとは？
53	https://keizaiclub.com/2016/06/23/13780/	『財政破綻願望』する財務省官僚の秘密
53	https://keizaiclub.com/2016/06/21/13778/	ババ抜き不動産投資の罠
53	https://keizaiclub.com/2016/06/16/13769/	高成長が期待できるインド：現地の生情報
53	https://keizaiclub.com/2016/06/14/13763/	ＴＰＰ参加によってフィリピン経済が飛躍するワケ
53	https://keizaiclub.com/2016/06/08/13753/	アメリカが同性愛者を擁護する隠された秘密
53	https://keizaiclub.com/2016/06/08/13755/	パマナ文書に米大物政治家が含まれなかった訳
53	https://keizaiclub.com/2016/06/06/13751/	日本経済の限界はいつくるのか？
54	https://keizaiclub.com/2016/05/31/13736/	『ある』特殊要因によるＧＤＰプラス成長の訳
54	https://keizaiclub.com/2016/05/27/13723/	国民と衝突するサウジアラビアの改革は成功するのか？
54	https://keizaiclub.com/2016/05/24/13720/	合法化で盛り上がる民泊ビジネスの落とし穴
54	https://keizaiclub.com/2016/05/19/13718/	『麻薬密売人を虐殺』する新フィリピン大統領への期待
54	https://keizaiclub.com/2016/05/12/13706/	資産家か貧乏人になるかの人生の分かれ道
54	https://keizaiclub.com/2016/05/10/13703/	パナマ文書に怯える日本の富裕層
54	https://keizaiclub.com/2016/05/06/13674/	中国の爆買いバブルは崩壊？
54	https://keizaiclub.com/2016/05/02/13670/	『失敗しない人生』は幸福か不幸か？
54	https://keizaiclub.com/2016/04/28/13668/	静かに忍び寄る団塊世代の貧困時代
54	https://keizaiclub.com/2016/04/25/13652/	ソフトランディング政策を解禁した中国の先行き
55	https://keizaiclub.com/2016/04/21/13643/	東南アジア、躍進する経済特区の見分け方
55	https://keizaiclub.com/2016/04/19/13637/	マネーロンダリング規制に潜む国際金融家の策略
55	https://keizaiclub.com/2016/04/14/13631/	過去最大スキャンダル『パナマ文書』の秘密
55	https://keizaiclub.com/2016/04/12/13621/	覇権国家から凋落するトランプ大統領候補
55	https://keizaiclub.com/2016/04/06/13608/	『決定』しているインド経済成長
55	https://keizaiclub.com/2016/04/04/13598/	マイナス金利で引き起こされるバブルとは？
55	https://keizaiclub.com/2016/03/30/13593/	未曾有の不況に喘ぐ海運業界に未来はあるか？
55	https://keizaiclub.com/2016/03/28/13587/	人生を不幸にする安易なアパート建設に要注意！
55	https://keizaiclub.com/2016/03/24/13584/	高額法人税制度は日本を滅ぼす
55	https://keizaiclub.com/2016/03/22/13571/	ゴールドより値上がりが期待できる『ある』資源とは？
56	https://keizaiclub.com/2016/03/17/13563/	首都圏直下型地震で壊滅する日本
56	https://keizaiclub.com/2016/03/16/13559/	円高の原因は『安全資産』という嘘！
56	https://keizaiclub.com/2016/03/14/13557/	途上国の潰れない金融機関の見つけ方
56	https://keizaiclub.com/2016/03/11/13555/	中国人民解放軍を手に入れた習主席の野望
56	https://keizaiclub.com/2016/03/10/13542/	『同一労働同一賃金制度』で格差が広がる？
56	https://keizaiclub.com/2016/03/04/13540/	下落はじまる東南アジアの不動産市場
56	https://keizaiclub.com/2016/03/01/13522/	日本健全論者の盲点
56	https://keizaiclub.com/2016/02/25/13524/	破綻目前の韓国経済
56	https://keizaiclub.com/2016/02/23/13517/	キャッシュレス社会の世界とは？
56	https://keizaiclub.com/2016/02/16/13492/	マイナス金利政策 真の狙いとは？
57	https://keizaiclub.com/2016/02/11/13494/	ベトナム首相失脚：今後の経済発展はあるのか？
57	https://keizaiclub.com/2016/02/01/13472/	日本企業の信用不安がもたらす日本の恐ろしい現実
57	https://keizaiclub.com/2016/01/28/13444/	国も未来を予測する方法
57	https://keizaiclub.com/2016/01/26/13461/	日本不動産、売りか買いか？
57	https://keizaiclub.com/2016/01/22/13450/	台湾政権交代がもたらす中台関係の行方
57	https://keizaiclub.com/2016/01/20/13452/	急速に進む円高、どうなる今後の円相場？
57	https://keizaiclub.com/2016/01/19/13441/	サウジアラビア VS イランを動かす『闇勢力』
57	https://keizaiclub.com/2016/01/14/13438/	リスク回避の円高は続くのか？
57	https://keizaiclub.com/2016/01/12/13417/	『日本の借金1000兆円はやっぱりウソでした』はやっぱり嘘でした
57	https://keizaiclub.com/2016/01/07/13411/	インドのモディ首相、パキスタン電撃訪問の『裏話』
58	https://keizaiclub.com/2016/01/04/13401/	算命学が占う2016年の日中韓の運勢
58	https://keizaiclub.com/2016/01/03/13405/	算命学が占う2016年のロシア・欧米の運勢
58	https://keizaiclub.com/2016/01/01/13394/	2016年の世界経済を左右するたった一つのポイントとは？
58	https://keizaiclub.com/2015/12/28/13383/	アルゼンチン親米政権誕生から見る世界支配者の存在とは？
58	https://keizaiclub.com/2015/12/24/13381/	20年以内に日本の労働人口の半分が人工知能に奪われる100職業
58	https://keizaiclub.com/2015/12/22/13369/	米輸出解禁が原油高をもたらすカラクリ！？
58	https://keizaiclub.com/2015/12/18/13365/	海外事業で成功するための『アムンゼン南極冒険の法則』
58	https://keizaiclub.com/2015/12/16/13363/	流行っている『民白』稼ぐ落とし穴
58	https://keizaiclub.com/2015/12/10/13346/	年間2兆6000億円の損失する『赤字』都市とは？
58	https://keizaiclub.com/2015/12/09/13360/	株式投資の『罠』から回避する方法
59	https://keizaiclub.com/2015/12/08/13343/	世界3位の国際通貨となった人民元の未来
59	https://keizaiclub.com/2015/12/01/13335/	富裕層を完全把握する国税の包囲網
59	https://keizaiclub.com/2015/11/26/13320/	ボケ老人を騙す大手金融機関の投資詐欺！？
59	https://keizaiclub.com/2015/11/24/13316/	米中軍：南シナ海の対立 VS 大西洋の合同演習
59	https://keizaiclub.com/2015/11/19/13303/	日本の『高齢者人口減少』時代の暗い未来
59	https://keizaiclub.com/2015/11/17/13294/	国税が監視強化する相続対策のタワーマンション投資
59	https://keizaiclub.com/2015/11/13/13298/	最大の災害リスク国 フィリピンでのリスク管理法
59	https://keizaiclub.com/2015/11/11/13296/	すでに財務省が日本破綻を恐れている実態
59	https://keizaiclub.com/2015/11/06/13266/	老人貧困率9割社会から身を守る方法
