1	https://keizaiclub.com/2020/10/08/21800/	質問1173 コロナでオフィス需要激減！なぜオフィスビル建設ラッシュは続くのか？
1	https://keizaiclub.com/2020/10/06/21784/	第441回収録トランプ大統領コロナ感染… 大統領選挙への影響(プロレス的妄想です…)
1	https://keizaiclub.com/2020/10/02/21750/	質問1172 米保険会社のデジタル通貨上場案件…「日利４％」の詐欺話
1	https://keizaiclub.com/2020/09/30/21747/	質問1171 トランプ大統領は闇勢力に戦う救世主か？　Qアノンの真相とは？
1	https://keizaiclub.com/2020/09/28/21736/	第440回　祝1万人登録！応援ありがとうございます！
1	https://keizaiclub.com/2020/09/24/21709/	質問1170 金融パニックによる市場閉鎖シナリオを教えてください！
1	https://keizaiclub.com/2020/09/22/21672/	質問1169 世界大恐慌のハイパーインフレと株価大暴落どのように起きるのか？
1	https://keizaiclub.com/2020/09/18/21669/	質問1168 株式市場の閉鎖は２０２３〜２０２７年までに起きる！？
1	https://keizaiclub.com/2020/09/16/21606/	質問1167 田舎の土地を安く購入する方法
1	https://keizaiclub.com/2020/09/14/21650/	第439回収録 北朝鮮が戦争を仕掛ける！？　朝鮮統一シナリオは本当に起きるのか？
2	https://keizaiclub.com/2020/09/10/21603/	質問1166 米ドル破綻！金本位制の復活でゴールド価格は上がるのか？
2	https://keizaiclub.com/2020/09/08/21592/	第438回収録　差し迫る食糧危機に備えなさい！
2	https://keizaiclub.com/2020/09/03/21541/	質問1165 気持ち悪すぎる大阪万博ロゴ…隠された本当の意味とは？
2	https://keizaiclub.com/2020/09/01/21535/	第437回　安倍首相の後継、どうなる次期首相？日本政治の行方…
2	https://keizaiclub.com/2020/08/27/21482/	質問1164 究極の監視社会！ベーシックインカムの恐怖…
2	https://keizaiclub.com/2020/08/25/21479/	質問1163 不動産ローンは返済すべきか？現金保持か？どっちが有効か？
2	https://keizaiclub.com/2020/08/21/21439/	質問1162 ビットコイン爆上げの理由！仮想通貨は資産防衛に適切か？
2	https://keizaiclub.com/2020/08/19/21456/	第436回 イスラエル・UAE国交樹立の裏目的…
2	https://keizaiclub.com/2020/08/17/21436/	質問1161 2020年後半の資源株・ゴールド相場はどうなる？
2	https://keizaiclub.com/2020/08/13/21367/	質問1160 田舎移住で日本破綻対策？サバイバルの心構えとは？
3	https://keizaiclub.com/2020/08/11/21408/	第435回 米中対立激化！プロレス団体から日本への警告
3	https://keizaiclub.com/2020/08/06/21378/	第434回収録　中国、台湾侵攻はいつ？ビットコイン急騰のワケ
3	https://keizaiclub.com/2020/08/04/21364/	質問1159 日本の種子は外資に独占された悲しい現実…日本の農業を救う究極農法とは？
3	https://keizaiclub.com/2020/07/31/21333/	第433回　インフレになるとなぜ金は暴落するのか？
3	https://keizaiclub.com/2020/07/29/21259/	質問1158 超管理社会で生き抜く術…人工知能で公認会計士は不要になるのか？
3	https://keizaiclub.com/2020/07/27/21256/	質問1157 外資カジノ利権、日本参入撤退の裏側！
3	https://keizaiclub.com/2020/07/24/21253/	質問1156 金価格急騰！横森さんの予測…ハズレていませんんか？
3	https://keizaiclub.com/2020/07/22/21165/	質問1155 金、銀、ダイヤモンド? 資産保全の大切な考え方！
3	https://keizaiclub.com/2020/07/20/21223/	第432回収録　コロナ…異常気象…大恐慌前の一攫千金チャンス！？
3	https://keizaiclub.com/2020/07/16/21162/	質問1154 食糧危機での資産保全！？食物関連ETFの買いヘッジは有効ですか？
4	https://keizaiclub.com/2020/07/14/21157/	質問1153 米ドル崩壊…紙切れとなるドルからデジタル通貨へのシナリオとは？
4	https://keizaiclub.com/2020/07/10/21120/	第431回目収録 世界で1400社の大量格下げ…企業大倒産時代の行末とは？
4	https://keizaiclub.com/2020/07/08/20828/	質問1154 香港IFA 「海外積立ファンド」は解約すべきか?
4	https://keizaiclub.com/2020/07/06/20826/	質問1153 Qアノン vs ディープステート? 本当にトランプは「闇勢力」と戦っているのか？
4	https://keizaiclub.com/2020/07/03/20832/	猛毒除草剤を買収したバイエルの黒い歴史
4	https://keizaiclub.com/2020/07/02/20772/	質問1152 偽陰謀論に 騙されるな！GESARA宣言の真相…
4	https://keizaiclub.com/2020/06/30/20824/	第430回 混乱…自然災害…プロレス団体による次なる仕掛けとは？（スピリチャル的です…)
4	https://keizaiclub.com/2020/06/28/20769/	質問1151　【資産防衛】新興国不動産はオススメだけど、ETFはダメ！
4	https://keizaiclub.com/2020/06/25/20731/	質問1150 なぜ米国は自作自演デモで自国を混乱させているのか？
4	https://keizaiclub.com/2020/06/23/20765/	第429回 大恐慌への仕込み！？世界破滅工作のロックダウン… 暴動…そして次のステップとは？
5	https://keizaiclub.com/2020/06/21/20729/	質問1149 500万人失業時代に人体で稼ぐ！？近未来のベーシックインカム … 恐ろしい真実
5	https://keizaiclub.com/2020/06/18/20739/	質問1148 米ドル札が紙切れになる！？　国際金融資本家が企む世界大恐慌
5	https://keizaiclub.com/2020/06/16/20736/	質問1147 【韓国財政破綻】北朝鮮による韓国統一シナリオ。日本の動きは？
5	https://keizaiclub.com/2020/06/12/20715/	第428回 New World Order(新世界秩序)　支配者が描く世界統一政府への未来…
5	https://keizaiclub.com/2020/06/10/20684/	質問1146 ニューヨークがゴーストタウンに！米国不動産は保有すべき？売却すべき？
5	https://keizaiclub.com/2020/06/08/20682/	質問1145　米国黒人暴行死デモの真相…実はアメリカの自作自演？「不都合な真実」
5	https://keizaiclub.com/2020/06/05/20676/	第427回　世界で始まるワクチン強制摂取…真の目的とは？
5	https://keizaiclub.com/2020/06/03/20629/	質問1144 【世界大恐慌】弱者切り捨ての現実…国家破綻時の介護施設はどうなるのか？
5	https://keizaiclub.com/2020/06/01/20626/	質問1143 ウォーレン・バフェットは終わった？世界を裏で操る支配者の一員なのか？
5	https://keizaiclub.com/2020/05/28/20598/	質問1142 【世界恐慌】ベストな海外移住先。これから発展していく国とは？
6	https://keizaiclub.com/2020/05/26/20600/	第426回収録【米中対立】中国企業に対し上場規制！一方でイギリスは中国寄り？
6	https://keizaiclub.com/2020/05/21/20536/	質問1141　【世界恐慌時の会社の守り方】続けるべき？潰すべき？
6	https://keizaiclub.com/2020/05/19/20517/	質問1140 国家破綻対策：海外の銀行・証券口座を守ることができるのか？
6	https://keizaiclub.com/2020/05/17/20506/	第425回収録 コロナ収束後、景気回復と破壊シナリオ！パンデミック２はいつくるのか？
6	https://keizaiclub.com/2020/05/14/20479/	質問1139 コロナ治療薬の利権図！レムデシビル VS アビガン どっちが有利？
6	https://keizaiclub.com/2020/05/12/20425/	質問1138 ベーシックインカム、人口削減との密かな関係
6	https://keizaiclub.com/2020/05/08/20433/	第424回収録 コロナ収束後の金融爆弾シナリオ! MMT信者の盲点はココです…
6	https://keizaiclub.com/2020/05/07/20423/	質問1137 世界大恐慌の不動産!賃貸 vs  住宅購入どっちがいい？
6	https://keizaiclub.com/2020/05/05/20421/	質問1136 世界大恐慌 最終目的と終焉シナリオ
6	https://keizaiclub.com/2020/04/30/20402/	質問1135 実体経済と株式市場は乖離？株式暴落のタイミング
7	https://keizaiclub.com/2020/04/28/20412/	第423回 日銀、国債買い入れ制限を撤廃！経済崩壊の引き金となるトリガースイッチとは？
7	https://keizaiclub.com/2020/04/24/20400/	質問1134 香港ドル、米中対立後の暴落シナリオとは？
7	https://keizaiclub.com/2020/04/22/20283/	質問1133 世界大恐慌 1929年と2020年の相違点！
7	https://keizaiclub.com/2020/04/20/20359/	第４２２回 WHOはコロナ感染拡大の推進団体！？
7	https://keizaiclub.com/2020/04/16/20281/	質問1132 大恐慌対策！どの通貨がいい？今あなたが準備すべき事…
7	https://keizaiclub.com/2020/04/14/20279/	第421回収録　新興国の「連鎖破綻」は10月？ 債権市場は崩壊する
7	https://keizaiclub.com/2020/04/10/20119/	質問1131 今後20~30年後を見据えて成長する国
7	https://keizaiclub.com/2020/04/08/20071/	質問1130 コロナ収束後は投資チャンス？
7	https://keizaiclub.com/2020/04/06/20117/	第420回収録　日本国債が暴落する日
7	https://keizaiclub.com/2020/04/03/20068/	質問1129 大恐慌時ネットビジネス、機能するか？
8	https://keizaiclub.com/2020/03/31/20020/	質問1128 大恐慌に備えるポートフォリオの組み方
8	https://keizaiclub.com/2020/03/30/20064/	第419回収録　都市封鎖サバイバル法
8	https://keizaiclub.com/2020/03/26/20044/	【緊急セミナー】2020年世界経済が崩壊！大恐慌がはじまるこれだけの理由
8	https://keizaiclub.com/2020/03/24/20015/	第418回　コロナ大恐慌を生き抜く方法
8	https://keizaiclub.com/2020/03/20/19986/	質問1127 ETF大量保有の日銀、危険な売却シナリオ
8	https://keizaiclub.com/2020/03/18/19998/	第417回 NY株価暴落！コロナ大恐慌のシナリオとは？
8	https://keizaiclub.com/2020/03/16/19984/	質問1126 仮想通貨相場、株価急落で上がる？
8	https://keizaiclub.com/2020/03/13/19969/	質問1125 中国崩壊、分裂シナリオとは？
8	https://keizaiclub.com/2020/03/11/19966/	第416回　新型コロナウィリスは大衆洗脳装置？
8	https://keizaiclub.com/2020/03/09/19941/	質問1124 新型コロナ、笑いながら喋るな！
9	https://keizaiclub.com/2020/03/05/19939/	質問1123 ジョージア不動産投資、優良物件の探し方
9	https://keizaiclub.com/2020/03/03/19937/	質問1122 インドETF、長期的展望は？
9	https://keizaiclub.com/2020/02/27/19935/	第415回収録 円安、株安！日本売りの始まり？
9	https://keizaiclub.com/2020/02/25/19927/	質問1121 横森流　情報収拾術！
9	https://keizaiclub.com/2020/02/21/19914/	質問1120 ビットコイン半減期、マイニングの収益は下がるのか？
9	https://keizaiclub.com/2020/02/19/19910/	第414回収録 新型コロナ：個人資産を強制没収する中国
9	https://keizaiclub.com/2020/02/17/19898/	質問1119 世界不況のサバイバル法
9	https://keizaiclub.com/2020/02/13/19888/	質問1118 株式 v s クラウドファンディング 資金調達の未来とは？
9	https://keizaiclub.com/2020/02/11/19895/	第413回収録 中国が肺炎：世界経済への影響
9	https://keizaiclub.com/2020/02/06/19870/	第412回 新型コロナウィルス 世界経済崩壊シナリオの真相
10	https://keizaiclub.com/2020/02/04/19860/	質問1117 ビットコイン資産防衛策になるか？
10	https://keizaiclub.com/2020/01/30/19857/	質問1116 日本財政破綻 2つのシナリオ
10	https://keizaiclub.com/2020/01/28/19811/	第411回 世界支配者によるプロレスと近未来シナリオを公開します！
10	https://keizaiclub.com/2020/01/24/19779/	質問1115 大麻合法化 真の目的とは？
10	https://keizaiclub.com/2020/01/22/19774/	質問1114 海外移住のための仕事の探し方
10	https://keizaiclub.com/2020/01/20/19777/	第410回 金融庁の仮想通貨レバレッジ規制の秘密
10	https://keizaiclub.com/2020/01/15/19749/	質問1113 金(ゴールド)の税金は譲渡所得では？
10	https://keizaiclub.com/2020/01/13/19747/	質問1112 JA個人年金は危ない？
10	https://keizaiclub.com/2020/01/08/19758/	第409回 カルロス・ゴーン逃亡と監視社会
10	https://keizaiclub.com/2020/01/06/19737/	2020年どうなる？ 民主主義！
11	https://keizaiclub.com/2020/01/01/19720/	第408回収録 2020年どうなる？世界経済！
11	https://keizaiclub.com/2019/12/30/19709/	質問1111 日本財政破綻対策! 保有すべき資産とは？
11	https://keizaiclub.com/2019/12/27/19705/	質問1110 預金封鎖時の外貨保有リスク
11	https://keizaiclub.com/2019/12/25/19687/	質問1109 経済成長で日本復活はありえるのか？
11	https://keizaiclub.com/2019/12/23/19703/	第407回収録 2019年の出来事を振り返って…
11	https://keizaiclub.com/2019/12/20/19683/	質問1108 MMT(現代貨幣理論) vs マーケット
11	https://keizaiclub.com/2019/12/18/19679/	質問1107 農林中金 CLO投資の破綻危機の真相
11	https://keizaiclub.com/2019/12/16/19672/	第406回収録 国際金融センターの暗い未来
11	https://keizaiclub.com/2019/12/15/19808/	2020プロレスーシナリオ説明会 2/15 – 会員限定申し込みフォーム
11	https://keizaiclub.com/2019/12/14/19668/	【投資 第242話】損をしている時こそ、取り返そうと思うな！
12	https://keizaiclub.com/2019/12/11/19661/	質問1106 横森一輝って誰？経歴を赤裸々に暴露！
12	https://keizaiclub.com/2019/12/10/19657/	仮想通貨が現金を超える時…
12	https://keizaiclub.com/2019/12/09/19655/	第405回収録 イギリスEU離脱が経済崩壊の始まり！？
12	https://keizaiclub.com/2019/12/06/19647/	質問1105 自国通貨建て国債は破綻する、しない？
12	https://keizaiclub.com/2019/12/04/19631/	質問1104 アベノミクス失速！不動産の資産保全 はじめの一歩
12	https://keizaiclub.com/2019/12/02/19642/	第404回収録 香港人権法案 米中冷戦時代へ突入？
12	https://keizaiclub.com/2019/11/28/19628/	質問1103 パラジウム  なぜ金より高価なの？
12	https://keizaiclub.com/2019/11/26/19622/	第403回収録 GSOMIA破棄凍結の裏に…中国との密かな関係
12	https://keizaiclub.com/2019/11/23/19558/	【投資 第239話】経緯に拘るな、結果に拘れ！
12	https://keizaiclub.com/2019/11/22/19609/	質問1102 財政破綻危機でなぜ円高になるのか？　
13	https://keizaiclub.com/2019/11/20/19607/	第402回収録 米大統領選 経済格差への反乱は起きるか？
13	https://keizaiclub.com/2019/11/18/19601/	質問1101 ISイスラム国の正体
13	https://keizaiclub.com/2019/11/15/19599/	質問1100 香港の死はいつ？中国金融の裏側
13	https://keizaiclub.com/2019/11/13/19590/	第401回収録 SBI地銀連合構想の狙い
13	https://keizaiclub.com/2019/11/11/19585/	質問1099 米ドルのポートフォリオ どう配分すればいいか？
13	https://keizaiclub.com/2019/11/09/19554/	【投資 第237話】分析４、調査５、実行１
13	https://keizaiclub.com/2019/11/07/19571/	質問1098 老後の生き方 「ジョージア移住」のススメ
13	https://keizaiclub.com/2019/11/05/19566/	第400回収録 日本破綻から延命へ裏シナリオの転換点
13	https://keizaiclub.com/2019/10/29/19531/	質問1096 ソフトバンク破綻する？噂の真相は？
13	https://keizaiclub.com/2019/10/24/19529/	第399回収録 “手取り14万円”日本終わってるか？
14	https://keizaiclub.com/2019/10/22/19507/	質問1095 財政破綻前の資産防衛の具体策
14	https://keizaiclub.com/2019/10/18/19505/	第398回収録 トルコのシリア侵攻　中東情勢混迷の裏とは？
14	https://keizaiclub.com/2019/10/16/19484/	質問1094 仮想通貨マイニングはインフレ対策になるか？
14	https://keizaiclub.com/2019/10/14/19481/	質問1093 現代貨幣理論MMTは可能か？
14	https://keizaiclub.com/2019/10/10/19388/	質問1092 仮想通貨を持つな！マインングせよ！
14	https://keizaiclub.com/2019/10/08/19479/	第397回収録 中国の豚コレラ拡大は人災か？
14	https://keizaiclub.com/2019/10/04/19386/	質問1091 日本政府は破綻リスクに無策？
14	https://keizaiclub.com/2019/10/02/19383/	質問1090 世界不況前の円高シナリオ
14	https://keizaiclub.com/2019/10/01/19348/	賄賂を要求する役人を発砲許可した国
14	https://keizaiclub.com/2019/09/30/19346/	質問1089 コインランドリー経営 儲かるか？
15	https://keizaiclub.com/2019/09/27/19344/	質問1088 資産保全に純金積立はなぜ不利か？
15	https://keizaiclub.com/2019/09/25/19342/	質問1087 ロレックスはインフレ対策になるか？
15	https://keizaiclub.com/2019/09/23/19293/	質問1086 中央銀行コインでビットコイン消える？
15	https://keizaiclub.com/2019/09/19/19329/	第396回収録 サウジ石油施設攻と石油急騰の台本
15	https://keizaiclub.com/2019/09/17/19290/	質問1085 世界不況！アジア不動産は暴落？
15	https://keizaiclub.com/2019/09/12/19280/	第395回収録 年金では暮らせない！自力年金の作り方
15	https://keizaiclub.com/2019/09/10/19263/	質問1084 日本破綻後の混乱期は何年続く？
15	https://keizaiclub.com/2019/09/06/19260/	質問1083 朝鮮統一にビジネスチャンスはあるか？
15	https://keizaiclub.com/2019/09/04/19258/	質問1082 逆イールドは経済破綻の兆候？
15	https://keizaiclub.com/2019/09/02/19250/	第394回収録 ビットコイン暴落と仮想通貨マイニングの密かな関係
16	https://keizaiclub.com/2019/08/29/19238/	質問1081 仮想通貨のウォレットはどこの取引所がいい？
16	https://keizaiclub.com/2019/08/27/19236/	質問1080 香港デモの真相を教えて下さい
16	https://keizaiclub.com/2019/08/22/19163/	質問1079 インフレ対策 日本の資産保全法はあるか？
16	https://keizaiclub.com/2019/08/20/19216/	第393回収録 中国経済低迷でアジア不動産は暴落？
16	https://keizaiclub.com/2019/08/16/19159/	質問1078 国政選挙はヤラセ？
16	https://keizaiclub.com/2019/08/14/19139/	質問1077 韓国系銀行の預金対策
16	https://keizaiclub.com/2019/08/12/19137/	質問1076 海外居住者の円建て資金調達法
16	https://keizaiclub.com/2019/08/09/19135/	質問1075 MMT(現代金融理論)の盲点
16	https://keizaiclub.com/2019/08/07/19133/	質問1074 日本破綻の資産防衛対策
16	https://keizaiclub.com/2019/08/05/19157/	第392回収録 韓国ホワイト国除外で経済崩壊シナリオ
17	https://keizaiclub.com/2019/08/03/19102/	【投資 第223話】報われやすい努力と報われにくい努力がある
17	https://keizaiclub.com/2019/08/02/19131/	質問1073 カザフスタンのクラウドマイニング３つの問題点
17	https://keizaiclub.com/2019/07/31/19128/	質問1072 ブロックチェーンで公務員は減るか？
17	https://keizaiclub.com/2019/07/29/19126/	質問1071 日銀によるETF、国債の買い入れの限界点
17	https://keizaiclub.com/2019/07/26/19124/	質問1070 電子マネーと仮想通貨の違いとは？
17	https://keizaiclub.com/2019/07/24/19093/	質問1069 フィリピンへの移住とビジネス事情
17	https://keizaiclub.com/2019/07/22/19115/	第391回収録 コンビニより優れているビジネス！
17	https://keizaiclub.com/2019/07/19/19091/	質問1068 不動産担保付き投信よりいい運用先とは？
17	https://keizaiclub.com/2019/07/17/19088/	質問1067 初心者のための最新仮想通貨マイニング情報
17	https://keizaiclub.com/2019/07/15/19086/	質問1066 フィリピンAPECOは信頼できる永住権プログラムか？
18	https://keizaiclub.com/2019/07/12/19082/	第390回収録 韓国崩壊を狙う文政権の自爆外交！？ 本当の目的とは？
18	https://keizaiclub.com/2019/07/10/19070/	質問1065 日本破綻後の国民生活
18	https://keizaiclub.com/2019/07/08/19067/	質問1064 消費税ゼロで景気回復？
18	https://keizaiclub.com/2019/07/05/19065/	質問1063 インフレ・円安リスクで海外金融商品に変えるべきか？
18	https://keizaiclub.com/2019/07/03/19056/	質問1062 ハイパーインフレで借金は帳消しになるか？
18	https://keizaiclub.com/2019/07/01/19063/	第389回収録 米中関係は悪化する訳
18	https://keizaiclub.com/2019/06/28/19052/	質問1061 ブロックチェーンは脱税ツールです！
18	https://keizaiclub.com/2019/06/26/19049/	質問1060 53歳会社員のための初心者投資法
18	https://keizaiclub.com/2019/06/24/19054/	第388回収録 日本タンカー襲撃、誰の策略か？
18	https://keizaiclub.com/2019/06/21/19000/	質問1059 資本主義の終焉？近未来の社会カタチ
19	https://keizaiclub.com/2019/06/19/18998/	質問1058 軍用地投資のリスクとは？
19	https://keizaiclub.com/2019/06/17/19038/	第387回収録 老後2000万円の貯蓄はいらない
19	https://keizaiclub.com/2019/06/13/18996/	質問1057　一棟マンション、維持か売却か？　
19	https://keizaiclub.com/2019/06/10/19022/	第386回収録 ヨーロッパ発の金融危機シナリオ
19	https://keizaiclub.com/2019/06/06/18993/	質問1056 フィリピンICO案件 詐欺ICOの見分け方
19	https://keizaiclub.com/2019/06/02/18963/	質問1055 あなたは財務省に洗脳されていますね？
19	https://keizaiclub.com/2019/05/30/18976/	第385回収録 米中貿易戦争シナリオ　アメリカの本当の狙いとは？
19	https://keizaiclub.com/2019/05/28/18961/	質問1054 超インフレ時代、貯蓄か投資か？
19	https://keizaiclub.com/2019/05/24/18959/	質問1053 政府発行硬貨で政府には通貨発行権があるのか？
19	https://keizaiclub.com/2019/05/22/18927/	【特別QA】『令和』名称の秘密
20	https://keizaiclub.com/2019/05/20/18957/	質問1052 中国マイニング禁止でビットコインは大暴落？
20	https://keizaiclub.com/2019/05/16/18941/	第384回収録 ビットコイン急騰！今後の仮想通貨相場は？
20	https://keizaiclub.com/2019/05/14/18917/	質問1051 ブロックチェーンって政治家に都合悪い？
20	https://keizaiclub.com/2019/05/10/18913/	質問1050 オプション取引で負けないテクニック
20	https://keizaiclub.com/2019/05/08/18908/	第383回収録 トランプの仕掛けでどうなる米中貿易戦争？
20	https://keizaiclub.com/2019/05/07/18885/	質問1049 フィリピンの月利2%のタクシー投資は詐欺？
20	https://keizaiclub.com/2019/05/03/18883/	質問1048 アマゾン銀行が誕生する日
20	https://keizaiclub.com/2019/05/01/18879/	質問1047 2024年新紙幣切り替えの預金封鎖対策とは？
20	https://keizaiclub.com/2019/04/29/18871/	第382回収録 世界の技術に負ける日本の未来
20	https://keizaiclub.com/2019/04/25/18830/	質問1046 金地金(ゴールド)最高の高価買取店はどこ？
21	https://keizaiclub.com/2019/04/23/18828/	質問1045 ハワイ法人設立は資産保全対策になる？
21	https://keizaiclub.com/2019/04/19/18809/	質問1044 仮想通貨交換所の海外口座開設
21	https://keizaiclub.com/2019/04/17/18819/	第381回収録 2024年新紙幣発行の裏事情
21	https://keizaiclub.com/2019/04/15/18807/	質問1043 詐欺コインと本物の仮想通貨の見極め方
21	https://keizaiclub.com/2019/04/11/18783/	質問1042 ビットコインの横森発言「一貫性ないです！」
21	https://keizaiclub.com/2019/04/09/18794/	第380回収録 仮想通貨マイニング事業の今
21	https://keizaiclub.com/2019/04/04/18778/	質問1041 米金融vs監視委 日本国債の攻防
21	https://keizaiclub.com/2019/04/02/18768/	第379回 令和好景気はいつまで続く？
21	https://keizaiclub.com/2019/04/02/18763/	【特別セミナー】ヘッジファンド式ポートフォリオ構築法セミナー
21	https://keizaiclub.com/2019/03/29/18703/	質問1040 イギリスEU離脱延期をどう読むか？
22	https://keizaiclub.com/2019/03/27/18706/	第378回収録 インフレに負けないポートフォリオ構築法
22	https://keizaiclub.com/2019/03/25/18695/	質問1039 アリババ詐欺業者を見分ける方法
22	https://keizaiclub.com/2019/03/21/18692/	質問1038 アメリカ、中国どっちが発展する？
22	https://keizaiclub.com/2019/03/19/18690/	質問1037 2023年危機説　日本破綻！？
22	https://keizaiclub.com/2019/03/14/18662/	質問1036 証券マンによる投信運用で大損失！やめるべき？
22	https://keizaiclub.com/2019/03/12/18675/	第377回収録 金正恩は操り人形
22	https://keizaiclub.com/2019/03/08/18658/	質問1035 米中覇権戦争？中国とサウジの石油契約の秘密
22	https://keizaiclub.com/2019/03/06/18627/	質問1034 幸せになる三人称思考
22	https://keizaiclub.com/2019/03/04/18624/	質問1033 ドルコスト平均法の罠
22	https://keizaiclub.com/2019/02/27/18641/	第376回収録 コンビニ「ブラック化」加盟店が取るべき戦略
23	https://keizaiclub.com/2019/02/25/18622/	質問1032 日本の賃貸物件についての将来性
23	https://keizaiclub.com/2019/02/21/18620/	質問1031 新円切り替えのシナリオ
23	https://keizaiclub.com/2019/02/19/18617/	第375回収録 トランプ「国境の壁」プロレス劇場
23	https://keizaiclub.com/2019/02/14/18602/	質問1030 同一労働同一賃金への経営者の視点
23	https://keizaiclub.com/2019/02/11/18600/	質問1029 大震災の日本経済シナリオ
23	https://keizaiclub.com/2019/02/07/18573/	第374回収録 経済破綻ベネズエラ 仮想通貨が普及する訳
23	https://keizaiclub.com/2019/02/05/18563/	質問1028 国がお金を刷って景気回復の盲点
23	https://keizaiclub.com/2019/02/01/18560/	質問1027 長期的な石油価格と日本経済への影響
23	https://keizaiclub.com/2019/01/30/18558/	質問1026　為替と株式市場の関係性
23	https://keizaiclub.com/2019/01/28/18554/	質問1025 トランプ 国境の壁の裏側
24	https://keizaiclub.com/2019/01/24/18552/	第373回収録　日本で最も”熱い”不動産投資
24	https://keizaiclub.com/2019/01/21/18496/	質問1024 日本破綻しても証券会社の口座は守られるのか？　
24	https://keizaiclub.com/2019/01/18/18488/	質問1022 仮想通貨マインング VS 不動産
24	https://keizaiclub.com/2019/01/16/18515/	第372回収録　誰もあなたを助けない！
24	https://keizaiclub.com/2019/01/14/18491/	質問1023 日本、IWC(国際捕鯨委員会)脱退の裏話
24	https://keizaiclub.com/2019/01/11/18486/	質問1021 なぜあなたはやる気を継続できないのか？
24	https://keizaiclub.com/2019/01/09/18482/	質問1020 米軍シリア撤退の秘密　
24	https://keizaiclub.com/2019/01/07/18475/	第371回収録　2019年の日本は好景気！？
24	https://keizaiclub.com/2019/01/01/18463/	新年、あけましておめでとうございます！
24	https://keizaiclub.com/2018/12/29/18429/	【投資 第192話】次世代のことを考えて投資をしろ！
25	https://keizaiclub.com/2018/12/28/18411/	質問1019 スタグフレーションに襲われるタイミング
25	https://keizaiclub.com/2018/12/26/18251/	質問1018 寄付は幸せを導く？本当の理由
25	https://keizaiclub.com/2018/12/25/18423/	コカコーラー１割値上げの恐怖　
25	https://keizaiclub.com/2018/12/24/18414/	第370回　仮想通貨のリスク回避術セミナーについて
25	https://keizaiclub.com/2018/12/19/18301/	質問1017 徴用工判決が韓国崩壊をもたらす
25	https://keizaiclub.com/2018/12/17/18379/	第369回　中国IT幹部逮捕！裏の５G覇権争いの秘密
25	https://keizaiclub.com/2018/12/14/18248/	質問1016 投資詐欺を一発で見分ける方法　
25	https://keizaiclub.com/2018/12/12/18297/	第368回 仮想通貨暴落、マイニング事業は終わった？
25	https://keizaiclub.com/2018/12/10/18221/	質問1015 EU vs アメリカを対立させる裏勢力
25	https://keizaiclub.com/2018/12/07/18219/	質問1014 バーゼル3 金利への影響　
26	https://keizaiclub.com/2018/12/06/18237/	米トランプ vs 著名慈善家の移民戦争
26	https://keizaiclub.com/2018/12/05/18217/	質問1013 バーゼル３金融機関への影響　
26	https://keizaiclub.com/2018/12/03/18233/	第367回　ロシア、ウクライナ艦船拿捕の秘密
26	https://keizaiclub.com/2018/12/02/18224/	【特別音声】仮想通貨戦争！新通貨体制の行方とは？
26	https://keizaiclub.com/2018/11/30/18214/	質問1012 孫正義氏 裏人脈
26	https://keizaiclub.com/2018/11/29/18210/	質問1011 イラン原油の禁輸の裏事情
26	https://keizaiclub.com/2018/11/27/18167/	質問1010 マイニング事業の税金対策とは？
26	https://keizaiclub.com/2018/11/22/18200/	第366回　日産ゴーン氏、はめられた？逮捕の真相　
26	https://keizaiclub.com/2018/11/20/18164/	質問1009 仮想通貨マイニングの騒音対策
26	https://keizaiclub.com/2018/11/16/18160/	質問1008 マイニング装置の寿命は？
27	https://keizaiclub.com/2018/11/14/18157/	質問1007 銀行コイン発行でもマイニング事業は成立する？
27	https://keizaiclub.com/2018/11/08/18103/	質問1006 自家発電は資源インフレ対策になる？
27	https://keizaiclub.com/2018/11/06/18100/	質問1005 分譲マンション地震保険のリスクとは？
27	https://keizaiclub.com/2018/10/31/18089/	第364回 メルケル首相敗北ドイツ行方混沌？
27	https://keizaiclub.com/2018/10/29/18081/	質問1004 ASICの需要減でマインング需要は落ち込んでいる？　
27	https://keizaiclub.com/2018/10/24/18042/	質問1003 仮想通貨マイニング、半減期で報酬半減？
27	https://keizaiclub.com/2018/10/22/18050/	第363回　サウジアラビア記者殺害の裏読み
27	https://keizaiclub.com/2018/10/19/18037/	質問1002 仮想通貨マイニング、電気代で負けませんか？　
27	https://keizaiclub.com/2018/10/17/18034/	質問1001 仮想通貨マイニング、装置発火で危険？　
27	https://keizaiclub.com/2018/10/15/18027/	質問1000 仮想通貨マイニング、ブーム終焉？
28	https://keizaiclub.com/2018/10/12/18020/	第362回　株式大幅安についての横森見解
28	https://keizaiclub.com/2018/10/10/18012/	質問999　トルコ、NATO脱退による中東情勢の行方
28	https://keizaiclub.com/2018/10/08/18003/	第361回 仮想通貨のマイニング事業リスクは？
28	https://keizaiclub.com/2018/10/04/17989/	質問998 仮想通貨は幻想か？
28	https://keizaiclub.com/2018/10/02/17963/	第360回 マイニング事業実践会のご案内
28	https://keizaiclub.com/2018/09/27/17952/	質問997 中国の介護保険制度の将来は?　
28	https://keizaiclub.com/2018/09/25/17948/	質問996　私募ファンドの情報開示義務はある？
28	https://keizaiclub.com/2018/09/20/17938/	質問995　生涯独り身　誰に相続すべきか？
28	https://keizaiclub.com/2018/09/18/17906/	質問994 老後資金：投資信託運用のリスク
28	https://keizaiclub.com/2018/09/14/17923/	第359回収録 軽井沢セミナーを終えて
29	https://keizaiclub.com/2018/09/12/17896/	質問992 米中貿易戦争 V.S. 自由貿易、世界経済はどっちの流れ？
29	https://keizaiclub.com/2018/09/10/17904/	第358回収録 マケイン氏死去：米政治への影響とは？
29	https://keizaiclub.com/2018/09/06/17894/	質問992 日立の原発事業はなぜ継続するのか？
29	https://keizaiclub.com/2018/09/04/17875/	質問991 低収入者にとっての社会貢献への考え方
29	https://keizaiclub.com/2018/08/30/17850/	質問990 人工知能を活かす仕事を探せ！　
29	https://keizaiclub.com/2018/08/28/17873/	第357回収録 ベネズエラ経済 デノミ強行で大混乱　
29	https://keizaiclub.com/2018/08/23/17847/	質問989 トルコ危機後のトルコ債は儲かるか？　
29	https://keizaiclub.com/2018/08/21/17828/	質問988 未公開株投資への考え方
29	https://keizaiclub.com/2018/08/19/17845/	第356回収録　横森一輝の新刊「投資家の品格」が出版されました
29	https://keizaiclub.com/2018/08/17/17825/	質問987 金融崩壊による米国破綻はありえるか？
30	https://keizaiclub.com/2018/08/16/17839/	社会貢献基金 説明会@軽井沢(9/9)
30	https://keizaiclub.com/2018/08/15/17782/	質問988 中国、沖縄侵略の可能性はある？　
30	https://keizaiclub.com/2018/08/13/17823/	第355回収録　山根会長から学ぶ裏社会
30	https://keizaiclub.com/2018/08/09/17779/	質問987 最新！ICO詐欺の実態
30	https://keizaiclub.com/2018/08/07/17769/	質問986 物価上昇率: 家賃の影響力は？
30	https://keizaiclub.com/2018/08/02/17777/	第354回 横森一輝の社会貢献ファンドの目論見
30	https://keizaiclub.com/2018/07/31/17759/	質問985 MUFGコインはインフレ対策になるか？
30	https://keizaiclub.com/2018/07/26/17736/	質問984 海外投資の節税法
30	https://keizaiclub.com/2018/07/24/17757/	第353回収録 人民元安の落とし穴
30	https://keizaiclub.com/2018/07/19/17734/	質問983 ハイパーインフレ日本シナリオ
31	https://keizaiclub.com/2018/07/17/17732/	第352回 ネット決済は金融革命となるか？
31	https://keizaiclub.com/2018/07/12/17726/	質問982 質問生命保険で相続対策になる？　
31	https://keizaiclub.com/2018/07/10/17723/	質問981 金がインフレ対策にならない理由
31	https://keizaiclub.com/2018/07/06/17695/	第351回 新興国インフレ：日本経済への影響　
31	https://keizaiclub.com/2018/07/03/17648/	質問980 日本の地震リスク 不動産への対策は？
31	https://keizaiclub.com/2018/06/29/17645/	質問979 インフレで借金は減る？　
31	https://keizaiclub.com/2018/06/27/17635/	質問978 節税貧乏への道を踏むな！
31	https://keizaiclub.com/2018/06/25/17639/	第350回収録 フィリピン利上げ: 世界インフレの影
31	https://keizaiclub.com/2018/06/21/17633/	質問977 定期借地権付きマンション購入基準とは？
31	https://keizaiclub.com/2018/06/18/17619/	第349回 今、なぜインフレ対策が必要なのか？
32	https://keizaiclub.com/2018/06/14/17508/	質問976　失敗しない資産保全：基本マインドセット　
32	https://keizaiclub.com/2018/06/12/17505/	質問975 横森一輝の個人資産ポートフォリオ公開！
32	https://keizaiclub.com/2018/06/10/17609/	【緊急】インフレ対策セミナーを開催します
32	https://keizaiclub.com/2018/06/08/17503/	第348回収録 アメリカのアジア外交の行方
32	https://keizaiclub.com/2018/06/06/17489/	質問974 ハワイ不動産は買いか？　
32	https://keizaiclub.com/2018/06/04/17480/	質問973 失敗しない投資 ３つの心得
32	https://keizaiclub.com/2018/05/31/17450/	質問972 日本が歩むインフレ経済破綻シナリオ
32	https://keizaiclub.com/2018/05/29/17446/	質問971 あなたが知らない原油値上げ戦略
32	https://keizaiclub.com/2018/05/24/17463/	第347回 仮想通貨バブルに要注意！　
32	https://keizaiclub.com/2018/05/22/17429/	質問970　タンス預金炙り出し法
33	https://keizaiclub.com/2018/05/18/17424/	質問969 金利上昇でハイイールド債は暴落する？　
33	https://keizaiclub.com/2018/05/16/17444/	第346回 朝鮮和平 vs.中東戦争の密かな関係
33	https://keizaiclub.com/2018/05/14/17387/	質問968 フィリピン株式投資への心構え
33	https://keizaiclub.com/2018/05/10/17384/	質問967 フィリピン移住のための投資家ビザ取得条件
33	https://keizaiclub.com/2018/05/07/17421/	第345回 アイドル不祥事で消されるもう一つの不祥事
33	https://keizaiclub.com/2018/05/03/17368/	質問966 働き方改革、労働の未来像とは？　
33	https://keizaiclub.com/2018/04/30/17382/	第344回 北朝鮮「非核化」の裏〜中東戦争との密かな関係
33	https://keizaiclub.com/2018/04/26/17364/	質問965  仮想通貨、投機対象か？隠された落とし穴
33	https://keizaiclub.com/2018/04/23/17358/	第343回 シリア、化学兵器使用『捏造』真の目的とは？　
33	https://keizaiclub.com/2018/04/18/17349/	質問964 フィリピン永住権を取得する意味はあるのか？
34	https://keizaiclub.com/2018/04/16/17347/	第342回 シリア、毒ガス兵器使用疑惑の『疑惑』
34	https://keizaiclub.com/2018/04/13/17337/	質問963 米中貿易戦争 アメリカの目的
34	https://keizaiclub.com/2018/04/11/17304/	質問962 海外投資の最も重要な判断基準とは？　
34	https://keizaiclub.com/2018/04/09/17323/	第341回収録 ネット社会にプライバシーなし
34	https://keizaiclub.com/2018/04/04/17273/	質問961 日本不動産の勝算
34	https://keizaiclub.com/2018/04/02/17301/	第340回収録 欧米ロシア外交官追放の裏読み
34	https://keizaiclub.com/2018/03/29/17271/	質問960 最も将来性のある仮想通貨は？
34	https://keizaiclub.com/2018/03/27/17269/	質問959 森友学園に裏はあるのか？
34	https://keizaiclub.com/2018/03/23/17265/	第339回 サウジアラビア原発交渉の裏話
34	https://keizaiclub.com/2018/03/20/17234/	質問958 トランプ保護貿易でドル安か？
35	https://keizaiclub.com/2018/03/15/17196/	質問957 インデックスファンドは買うな！
35	https://keizaiclub.com/2018/03/13/17232/	第338回収録 仮想通貨バブル崩壊でも熱狂する投資心理学
35	https://keizaiclub.com/2018/03/11/17238/	【密会】北朝鮮金正恩の正体
35	https://keizaiclub.com/2018/03/08/17191/	質問956 デリバティブ崩壊で世界恐慌が起きるのか？　
35	https://keizaiclub.com/2018/03/06/17186/	質問955 金利上げるからインフレになる
35	https://keizaiclub.com/2018/03/04/17226/	経済倶楽部「密会」（会員特別価格）参加申し込みページ
35	https://keizaiclub.com/2018/03/02/17159/	第337回収録　3月31日密会セミナー開催します
35	https://keizaiclub.com/2018/02/27/17144/	質問954 日本在住者が資産防衛する方法
35	https://keizaiclub.com/2018/02/22/17115/	質問953 国の人口が減少して経済成長できるのか？　
35	https://keizaiclub.com/2018/02/20/17113/	質問952 FedコインかMUFGコイン、どっちがいい？
36	https://keizaiclub.com/2018/02/16/17111/	質問951 確定拠出年金のメリットは？
36	https://keizaiclub.com/2018/02/14/17107/	質問950 銀行コインの崩壊リスク
36	https://keizaiclub.com/2018/02/12/17104/	第335回収録　株式市場の崩壊？　
36	https://keizaiclub.com/2018/02/08/17081/	質問949 米金利上昇は不吉な予兆か？　
36	https://keizaiclub.com/2018/02/06/17076/	質問948 コイン発行銀行は勝ち組になる？
36	https://keizaiclub.com/2018/02/02/17073/	質問947 ヨーロッパ発の金融危機は起きるのか？
36	https://keizaiclub.com/2018/01/29/17071/	第334回収録　働き方改革！どうする副業先？
36	https://keizaiclub.com/2018/01/25/17056/	質問946 世界支配勢力: 軍産に変わる新シナリオとは？　
36	https://keizaiclub.com/2018/01/23/17033/	質問945 アメリカが破綻しても米ドル破綻はない！
36	https://keizaiclub.com/2018/01/19/17031/	質問944 矛盾だらけのアベノミクス
37	https://keizaiclub.com/2018/01/17/17053/	第３３３回収録　日銀の政策は景気抑制政策
37	https://keizaiclub.com/2018/01/15/17027/	質問943 トランプ大統領、エルサレム首都認定の訳
37	https://keizaiclub.com/2018/01/11/17024/	第３３２回収録　人工知能に負けるな！
37	https://keizaiclub.com/2018/01/09/16994/	質問942　ビットコイン先物市場が立ち上げられた裏事情　
37	https://keizaiclub.com/2018/01/04/16979/	質問941 視野を拡げる！海外旅行のススメ
37	https://keizaiclub.com/2018/01/01/16992/	祝、2018年！今年はどうなる？
37	https://keizaiclub.com/2017/12/28/16990/	第331回収録 2017年重大ニュース
37	https://keizaiclub.com/2017/12/26/16977/	質問940 子供を国際人にする育て方
37	https://keizaiclub.com/2017/12/25/16962/	日本政府が貿易自由化を急ぐ本当の理由
37	https://keizaiclub.com/2017/12/21/16975/	第330回収録 日本人の給料は上がりません！　
38	https://keizaiclub.com/2017/12/19/16950/	質問939 サラリーマンのための老後対策
38	https://keizaiclub.com/2017/12/14/16947/	第329回収録　FRBコイン発行！中央銀行はどう動く？
38	https://keizaiclub.com/2017/12/11/16855/	質問938 経済衰退期を生き抜く術
38	https://keizaiclub.com/2017/12/07/16844/	質問937 暗号通貨は次世代の基軸通貨になるのか？
38	https://keizaiclub.com/2017/12/05/16852/	第328回収録 山一破綻から20年、業界が学んだ教訓
38	https://keizaiclub.com/2017/11/30/16840/	質問937 中国は対日戦争を仕掛けない理由
38	https://keizaiclub.com/2017/11/28/16810/	質問936 トランプ政権、アジア外交の狙い
38	https://keizaiclub.com/2017/11/24/16818/	第326回収録トーク：ハイパーインフレの国ジンバブエ経済学
38	https://keizaiclub.com/2017/11/22/16798/	質問935 日本政府、TPP合意を目指す本当の理由
38	https://keizaiclub.com/2017/11/20/16758/	質問934 ビットコインの過信に要注意！
39	https://keizaiclub.com/2017/11/17/16785/	第326回収録 【追加講演】プロレス説明会@大阪 (12/3)
39	https://keizaiclub.com/2017/11/15/16756/	質問933 インド投資の参入と将来性
39	https://keizaiclub.com/2017/11/13/16752/	第325回収録トーク：ビットコインが上場する意味とは？
39	https://keizaiclub.com/2017/11/09/16716/	質問932 仮想通貨取引、詐欺業者の見分け方
39	https://keizaiclub.com/2017/11/07/16714/	質問931 バヌアツ移住をオススメしない理由
39	https://keizaiclub.com/2017/11/02/16672/	質問930 米ドル崩壊はない理由
39	https://keizaiclub.com/2017/10/31/16670/	質問929 北朝鮮がミサイル攻撃するタイミング
39	https://keizaiclub.com/2017/10/26/16664/	第323回 衆議院選挙結果で見えた日本の針路
39	https://keizaiclub.com/2017/10/24/16525/	質問928　海外不動産投資の落とし穴
39	https://keizaiclub.com/2017/10/20/16522/	質問927　衆議院解散の裏側
40	https://keizaiclub.com/2017/10/18/16519/	第322回 オーストリア難民排除勝利！世界政治の流れ
40	https://keizaiclub.com/2017/10/13/16492/	質問926 世界支配者の秘密を暴露！　プロレス説明会
40	https://keizaiclub.com/2017/10/11/16489/	質問925 ビットコインの取引所は閉鎖されのか！？
40	https://keizaiclub.com/2017/10/09/16487/	質問924 穀物ヘッジファンド閉鎖、あなたが知らない本当の理由
40	https://keizaiclub.com/2017/10/05/16481/	第321回 カタルーニャ州「独立賛成」多数でEUは分裂か？
40	https://keizaiclub.com/2017/10/03/16469/	質問923 新仮想通貨Jコインはビットコインを超える？
40	https://keizaiclub.com/2017/09/29/16404/	質問922 資産疎開目的の海外法人設立は困難か？
40	https://keizaiclub.com/2017/09/27/16466/	質問921 北朝鮮は戦争エンターテイメント
40	https://keizaiclub.com/2017/09/25/16368/	質問919 「父の死後に家族崩壊,,,」相続トラブルを簡単に回避する対処法
40	https://keizaiclub.com/2017/09/21/16436/	第320回 スーチー氏 大量虐殺？ロヒンギャ報道の裏読み
41	https://keizaiclub.com/2017/09/19/16402/	質問919 北朝鮮制裁決議、金正恩はどう動く？
41	https://keizaiclub.com/2017/09/14/16399/	第319回 凪の株式市場、１０月に備えよ！
41	https://keizaiclub.com/2017/09/12/16365/	質問918 日本破綻？屁理屈はあなた方です
41	https://keizaiclub.com/2017/09/11/16378/	あのIMFが「地銀が破綻する」と警鐘!
41	https://keizaiclub.com/2017/09/07/16338/	質問917 ヘッジファンドvs不動産投資 どっちが儲かる？
41	https://keizaiclub.com/2017/09/05/16362/	第318回目収録　北朝鮮ミサイルを追撃せよ！
41	https://keizaiclub.com/2017/09/04/16349/	インドネシア「利下げ」は日本経済弱体化の兆し
41	https://keizaiclub.com/2017/09/01/16336/	質問916　株価操作で儲ける手口
41	https://keizaiclub.com/2017/08/30/16333/	質問915 トランプ大統領でアメリカ財政破綻？
41	https://keizaiclub.com/2017/08/28/16330/	第317回収録 人手不足倒産が日本経済を襲う
42	https://keizaiclub.com/2017/08/24/16303/	質問914 新仮想通貨COMSA(コムサ)の将来性
42	https://keizaiclub.com/2017/08/22/16301/	質問913 ビットコインの分裂騒動：潰したい支配勢力の仕掛け？
42	https://keizaiclub.com/2017/08/18/16264/	質問912 ファイナンシャル・プランナーが学ぶべきこと
42	https://keizaiclub.com/2017/08/16/16259/	質問911 金融危機を狙ったアクティブファンド運用の罠
42	https://keizaiclub.com/2017/08/14/16299/	第316回収録 朝鮮戦争勃発？トランプは北朝鮮を崩壊させるのか？
42	https://keizaiclub.com/2017/08/10/16198/	質問910　自己利益追求型社会の終焉
42	https://keizaiclub.com/2017/08/08/16256/	第３１５回収録　英仏2040年以降“ガソリン車”販売禁止には裏がある？
42	https://keizaiclub.com/2017/08/02/16195/	質問909 イスラム反政府勢力のミンダナオ島紛争:フィリピン経済に影響
42	https://keizaiclub.com/2017/07/31/16193/	第314回収録　支持率低下の安倍総理は乗り切るか？
42	https://keizaiclub.com/2017/07/27/16160/	質問908 新興国株式の落とし穴
43	https://keizaiclub.com/2017/07/25/16158/	質問907　何年後を見据えて投資すべきか？
43	https://keizaiclub.com/2017/07/24/16162/	世界金融引き締め！取り残された日本の危ない未来
43	https://keizaiclub.com/2017/07/21/16156/	第213回収録　年金崩壊の国民総貧乏から回避する方法
43	https://keizaiclub.com/2017/07/18/15976/	質問906 ２０歳の息子は年金は払うべきか？
43	https://keizaiclub.com/2017/07/14/15973/	質問905 サウジ国営石油アラムコ上場、マーケットへの影響は？
43	https://keizaiclub.com/2017/07/12/15699/	質問904 日本居住者の海外法人収益に対する納税義務
43	https://keizaiclub.com/2017/07/10/15697/	質問903 ベトナムの実習生向けの収益不動産
43	https://keizaiclub.com/2017/07/07/15966/	第312回収録 カネを貯め込む企業が急増している理由
43	https://keizaiclub.com/2017/07/05/15695/	質問902 世界を旅行して租税を回避する方法
43	https://keizaiclub.com/2017/07/03/15692/	質問901 仮想通貨による預金封鎖対策は大間違い
44	https://keizaiclub.com/2017/06/29/15682/	質問900 幼児への最良の教育法
44	https://keizaiclub.com/2017/06/27/15679/	質問899 日本財政破綻によるアジア新興国への波及シナリオ
44	https://keizaiclub.com/2017/06/23/15687/	第311回収録　不安定化する日米英の政治情勢
44	https://keizaiclub.com/2017/06/21/15602/	質問898 仮想通貨への移行による金融の未来像
44	https://keizaiclub.com/2017/06/19/15598/	質問897 リターンをもたらす正しい投資の選び方
44	https://keizaiclub.com/2017/06/16/15595/	質問896 一万円札廃止論からみる通貨の未来とは？
44	https://keizaiclub.com/2017/06/14/15646/	第３１０回収録　英与党（保守党）の過半数割れ、EU離脱交渉に影響あるか？
44	https://keizaiclub.com/2017/06/12/15593/	質問895 勝ち組の投資先
44	https://keizaiclub.com/2017/06/09/15547/	「高齢者が若手を支える社会」は実現するのか？
44	https://keizaiclub.com/2017/06/08/15577/	第３０９回収録　7月9日に会いましょう！
45	https://keizaiclub.com/2017/06/06/15529/	質問894 民泊ビジネスの将来性
45	https://keizaiclub.com/2017/06/02/15527/	質問893　資産対策用のプラチナコインは売却すべき？
45	https://keizaiclub.com/2017/05/31/15525/	質問892 政府発行の硬貨は日銀破綻の影響は受けないのか？
45	https://keizaiclub.com/2017/05/29/15463/	質問891　ベトナムの海外資本規制
45	https://keizaiclub.com/2017/05/28/15492/	出版記念セミナー無料ご招待！
45	https://keizaiclub.com/2017/05/26/15474/	第308回収録 出版記念セミナー無料ご招待！
45	https://keizaiclub.com/2017/05/24/15461/	質問890　トランプ大統領　ロシアゲート疑惑の行方
45	https://keizaiclub.com/2017/05/22/15455/	第307回収録 投資の真髄
45	https://keizaiclub.com/2017/05/17/15400/	質問889　マイクロチップを人に埋め込む管理社会
45	https://keizaiclub.com/2017/05/15/15398/	質問888　マイナンバーは資産税の準備か？
46	https://keizaiclub.com/2017/05/12/15394/	質問887　北朝鮮へ戦争を仕掛けるタイミング
46	https://keizaiclub.com/2017/05/10/15284/	質問886 ロボットアドバイザー（人工知能）は損してしまう理由
46	https://keizaiclub.com/2017/05/08/15378/	第306回収録 フランス　マクロン大統領、どうなるヨーロッパの行方
46	https://keizaiclub.com/2017/05/05/15281/	質問885 お金に執着すると貧乏になる理由
46	https://keizaiclub.com/2017/05/03/15278/	質問884 株で儲かる人 vs 損する人の違い
46	https://keizaiclub.com/2017/05/01/15275/	質問883 円建て生命保険は解約すべきか？
46	https://keizaiclub.com/2017/04/28/15225/	質問882 インフレで得するのはどっち？　金持ちか貧乏人か？
46	https://keizaiclub.com/2017/04/26/15270/	第３０5回収録　急成長する東南アジアの魅力
46	https://keizaiclub.com/2017/04/24/15223/	質問881 日本財政破綻論 vs 財政健全論の違いとは？
46	https://keizaiclub.com/2017/04/20/15220/	質問880 ドイツ銀行破綻危機は消えたのか？
47	https://keizaiclub.com/2017/04/18/15218/	質問879 第２次朝鮮戦争勃発か？北朝鮮統一のシナリオ
47	https://keizaiclub.com/2017/04/17/15233/	トランプ政権の軍事戦略：真の目的とは？
47	https://keizaiclub.com/2017/04/16/15216/	第304回収録 ユナイテッド航空　史上最悪のオーバーブッング事件
47	https://keizaiclub.com/2017/04/12/15171/	質問878 日銀の債務超過でハイパーインフレ？
47	https://keizaiclub.com/2017/04/10/15168/	質問８７７　フィリピン政府公認のノアコインは詐欺か？
47	https://keizaiclub.com/2017/04/09/15178/	仮想通貨の落とし穴
47	https://keizaiclub.com/2017/04/07/14719/	質問876 大不況を狙うインド株投資
47	https://keizaiclub.com/2017/04/05/14739/	質問875 金融崩壊が起きた時の資産対策法
47	https://keizaiclub.com/2017/04/03/14762/	第303回収録 安倍首相の強運はいつまで続くのか？
47	https://keizaiclub.com/2017/03/31/14736/	質問874 ロシア国債は割安？
48	https://keizaiclub.com/2017/03/29/14732/	質問873 新ドル紙幣発行の通貨切り下げ
48	https://keizaiclub.com/2017/03/27/14717/	質問872 サウジ原油減産でも価格下落は継続するか？
48	https://keizaiclub.com/2017/03/23/14713/	第302回収録 「デイビッドロックフェラー死去について」
48	https://keizaiclub.com/2017/03/21/14681/	質問871 東京オリンピック前の大恐慌
48	https://keizaiclub.com/2017/03/16/14677/	質問870 トランプ大統領の敵国
48	https://keizaiclub.com/2017/03/14/14675/	質問869 暗号通貨の未来像
48	https://keizaiclub.com/2017/03/10/14673/	質問868 アメリカは北朝鮮を潰すのか？
48	https://keizaiclub.com/2017/03/08/14671/	第301回収録 「安倍首相、頑張れ！」
48	https://keizaiclub.com/2017/03/06/14638/	質問867 高額紙幣廃止はタンス預金の炙り出し政策
48	https://keizaiclub.com/2017/03/03/14635/	質問866 新銀行規制バーゼル３適用で起こる金融危機
49	https://keizaiclub.com/2017/03/01/14633/	質問865 東芝経営破綻のシナリオ
49	https://keizaiclub.com/2017/02/27/14631/	第300回収録 金正男の暗殺後の北朝鮮情勢
49	https://keizaiclub.com/2017/02/23/14593/	質問864 トランプ大統領『アメリカ第一』の行方
49	https://keizaiclub.com/2017/02/21/14571/	質問863 バフェット推奨のインデックスファンド vs 米国債
49	https://keizaiclub.com/2017/02/14/14566/	第299回収録 極右フランスとギリシャ破綻危機に揺れるEUの未来
49	https://keizaiclub.com/2017/02/10/14524/	質問861 日本を財政破綻させない方法
49	https://keizaiclub.com/2017/02/08/14521/	質問860 米国債の金利上昇によるアメリカ破綻危機
49	https://keizaiclub.com/2017/02/06/14518/	第298回収録 トランプ大統領 入国禁止７か国の秘密
49	https://keizaiclub.com/2017/02/03/14476/	質問859 トランプ政権は国民に権力を移行できるのか？
49	https://keizaiclub.com/2017/02/01/14472/	質問858 日本の政府発表の失業率は操作していないか？
50	https://keizaiclub.com/2017/01/30/14469/	質問857 中国が米国債を売れない裏事情
50	https://keizaiclub.com/2017/01/29/14485/	プーチン大統領の正体（オンライン版）
50	https://keizaiclub.com/2017/01/27/14463/	第297回収録 米中戦争の可能性
50	https://keizaiclub.com/2017/01/25/14423/	質問856 日本破綻対策として海外口座を持つ意味とは？
50	https://keizaiclub.com/2017/01/23/14420/	質問855 イギリスの借地権の投資判断基準とは？
50	https://keizaiclub.com/2017/01/20/14416/	質問854 日米露が北方領土を共同開発する可能性はありますか？
50	https://keizaiclub.com/2017/01/18/14390/	質問853 日本破綻したら社会保障はどうなりますか？
50	https://keizaiclub.com/2017/01/16/14397/	第296回収録 保護主義へ向かうアメリカと世界経済の行方
50	https://keizaiclub.com/2017/01/13/14326/	質問852 ビットコインのような暗号通貨は資産保全になるのか？
50	https://keizaiclub.com/2017/01/11/14324/	質問851 タンス預金、ドル以外はどの通貨を持つべきか？
51	https://keizaiclub.com/2017/01/09/14321/	質問850 どうなる？ 2017年の米露‐米中と日本の国際関係
51	https://keizaiclub.com/2017/01/05/14316/	第295回収録 外交官追放のオバマＶＳプーチン
51	https://keizaiclub.com/2017/01/02/14299/	2017年、注目すべき『ある』経済指標とは？
51	https://keizaiclub.com/2016/12/30/14297/	質問849 個人型確定拠出年金の選び方
51	https://keizaiclub.com/2016/12/28/14280/	質問848 年金生活者のための国家破綻対策
51	https://keizaiclub.com/2016/12/26/14286/	第294回収録 2016年を振り返る
51	https://keizaiclub.com/2016/12/23/14278/	質問847 ドル崩壊、資産保全対策は？
51	https://keizaiclub.com/2016/12/21/14247/	質問846 激しいインフレが止まる目安はあるのか？
51	https://keizaiclub.com/2016/12/19/14270/	ネオサバイバルクラブのご案内
51	https://keizaiclub.com/2016/12/16/14245/	質問845 「日銀当座預金に債務性がない」という理論を教えてください
52	https://keizaiclub.com/2016/12/14/14243/	質問844 「年利10%の利回り家賃を保障」は信頼できますか？
52	https://keizaiclub.com/2016/12/12/14256/	激動2017年世界経済を未来予測する方法
52	https://keizaiclub.com/2016/12/12/14241/	質問843 貨幣ではなく物々交換社会に戻るのは可能か？
52	https://keizaiclub.com/2016/12/09/14215/	質問842 来年は主要国はユーロ離脱はあるか？
52	https://keizaiclub.com/2016/12/07/14231/	第292収録 金融資本家の綿密な裏工作
52	https://keizaiclub.com/2016/12/05/14213/	質問841 お金で1番難しい事は何ですか？
52	https://keizaiclub.com/2016/11/28/14165/	質問840 人民元の外貨規制した場合の世界経済への影響
52	https://keizaiclub.com/2016/11/27/14197/	第291収録 円安・株高： 世界マネーの動きの秘密
52	https://keizaiclub.com/2016/11/25/14163/	質問839 タワーマンション相続税見直しで景気悪化するか？
52	https://keizaiclub.com/2016/11/21/14129/	質問838 投資と節約、どちらが重要か？
53	https://keizaiclub.com/2016/11/18/14126/	質問837 金融緩和量から為替を示すソロスチャートは有効か？
53	https://keizaiclub.com/2016/11/16/14177/	第290収録 イギリスがＥＵ離脱しなければならない理由
53	https://keizaiclub.com/2016/11/14/14124/	質問836 フィリピンはアメリカと決別し中国と組んで大丈夫か？
53	https://keizaiclub.com/2016/11/11/14122/	質問835 円暴落を見込み円建て借金はＯＫか？
53	https://keizaiclub.com/2016/11/09/14120/	質問834 海外株式は日本破綻の資産保全になるか？
53	https://keizaiclub.com/2016/11/07/14104/	質問833 国民の金融資産が上回れば国の借金が増えても大丈夫？
53	https://keizaiclub.com/2016/11/04/14102/	質問832 固定・変動相場制のメリット、デメリット
53	https://keizaiclub.com/2016/11/02/14109/	第289回収録 大統領選挙から見る2017年の方向性
53	https://keizaiclub.com/2016/10/31/14096/	質問831 日本財政破綻へ準備とは？
53	https://keizaiclub.com/2016/10/26/14094/	質問830 フィリピンカジノは事業としての可能性
54	https://keizaiclub.com/2016/10/24/14092/	第288回収録 金利上昇を匂わす『ある』出来事
54	https://keizaiclub.com/2016/10/21/14073/	質問829 日本破綻の直前の兆候とは？
54	https://keizaiclub.com/2016/10/19/14071/	質問828  世界危機にはどの通貨を持てばいいのか？
54	https://keizaiclub.com/2016/10/17/14069/	質問827  日本国債の破綻に影響のない銀行はありますか？
54	https://keizaiclub.com/2016/10/13/14067/	質問826  数年で中国人民元はドルより強くなるか？
54	https://keizaiclub.com/2016/10/11/14065/	第287回収録 暴落した金相場
54	https://keizaiclub.com/2016/10/07/14054/	質問825  日銀は国債金利をコントロールできるのか？
54	https://keizaiclub.com/2016/10/05/14052/	質問824 世界混乱の時代に危機管理企業の株は上がりますか？
54	https://keizaiclub.com/2016/10/03/14050/	第286回収録 OPEC減産合意に伴う近未来の経済とは？
54	https://keizaiclub.com/2016/09/29/14033/	質問823  国際金融資本がいじめ社会を作っているのか？
55	https://keizaiclub.com/2016/09/23/14031/	質問822『老後資金の作り方』フィリピン事業開業での注意点
55	https://keizaiclub.com/2016/09/21/14029/	質問821 『悪魔の演出者』が日本を借金地獄にしたのか？
55	https://keizaiclub.com/2016/09/19/14027/	第285回収録 フィリピン新政権の麻薬撲滅運動の真相
55	https://keizaiclub.com/2016/09/13/14014/	質問820 日本破綻後の復興は投資チャンスになるか？
55	https://keizaiclub.com/2016/09/09/14001/	質問819 日銀が量的金融緩和の縮小は財政破綻に近づくか？
55	https://keizaiclub.com/2016/09/06/14006/	第284回収録 ロシアを狙う安倍首相の裏側
55	https://keizaiclub.com/2016/08/31/13995/	質問818 東京の不動産は今後どうなりますか？
55	https://keizaiclub.com/2016/08/29/13988/	第283回収録 地震リスクに対処せよ
55	https://keizaiclub.com/2016/08/25/13973/	質問817 金融緩和しても中小企業向けの融資はなぜ増加しないのか？
55	https://keizaiclub.com/2016/08/23/13971/	質問816 海外日本食ブームの恩恵を受ける食品メーカーの株はどうか？
56	https://keizaiclub.com/2016/08/18/13932/	質問815 テロの心配ない東南アジアの国は？
56	https://keizaiclub.com/2016/08/16/13960/	第282回 クリント ＶＳトランプの茶番劇
56	https://keizaiclub.com/2016/08/12/13930/	質問814 中国は世界一の経済大国になれるのか？
56	https://keizaiclub.com/2016/08/10/13947/	第281回収録 大統領選で揺れるアメリカＴＰＰの行方とは？
56	https://keizaiclub.com/2016/08/08/13928/	質問812 アメリカの不動産は上がり続けるのか？
56	https://keizaiclub.com/2016/08/04/13926/	質問812 日本破綻で中国に支配されるのか？
56	https://keizaiclub.com/2016/08/02/13924/	質問811 世界経済が崩壊して米ドルが上がるのか？
56	https://keizaiclub.com/2016/07/28/13914/	第280回収録 クリントン大統領候補の『裏事情』とは？
56	https://keizaiclub.com/2016/07/26/13874/	質問810 海外居住者はマイナンバーは必要ないのか？
56	https://keizaiclub.com/2016/07/22/13872/	質問809 利回り30％の不動産投資は信用できますか？
57	https://keizaiclub.com/2016/07/20/13870/	質問808 外貨MMF（ドル建て）は危険なのか？
57	https://keizaiclub.com/2016/07/18/13866/	質問807イギリスEU離脱は中国の狙いなのか？
57	https://keizaiclub.com/2016/07/17/13800/	『忍び寄る金融パニックを生き抜く処方術』（8月7日 追加講演＠大阪）
57	https://keizaiclub.com/2016/07/14/13860/	第279回収録 『緊急セミナー』8月7日（日）大阪追加講演
57	https://keizaiclub.com/2016/07/13/13848/	質問806 アメリカが堅調である隠された秘密
57	https://keizaiclub.com/2016/07/11/13846/	質問805 メガバンクの仮想通貨発行による日銀券への影響とは？
57	https://keizaiclub.com/2016/07/07/13844/	質問804 イギリスＥＵ離脱によって不動産バブル崩壊となるか？
57	https://keizaiclub.com/2016/07/05/13838/	EU加盟交渉国でも『国民投票』、EUは崩壊するのか？
57	https://keizaiclub.com/2016/07/04/13776/	質問803 マレーシアの金融機関は大丈夫か？
57	https://keizaiclub.com/2016/07/01/13786/	質問802 なぜ日本は国債を繰り上げ償還しないのか？
58	https://keizaiclub.com/2016/06/29/13784/	質問801 日本破綻すると戦後のようにゼロからのスタートになるのか？
58	https://keizaiclub.com/2016/06/28/13829/	第278回収録   イギリスＥＵ離脱―金融の闇をすべて暴露！
58	https://keizaiclub.com/2016/06/24/13782/	質問800 日銀が国債を無利子永久債にして償却する事は可能か？
58	https://keizaiclub.com/2016/06/23/13792/	【緊急セミナー】忍び寄る金融パニックを生き抜く処方術
58	https://keizaiclub.com/2016/06/22/13788/	質問799 イギリスのEU離脱の予測と影響は？
58	https://keizaiclub.com/2016/06/20/13773/	第277回収録トーク 世界にあふれる鉄鋼：世界から中国が非難されるワケ
58	https://keizaiclub.com/2016/06/17/13761/	質問798 経済学者がいう短期、中期、長期はどのくらい先のことか？
58	https://keizaiclub.com/2016/06/13/13759/	第276回収録   財政・防衛力から見る日本の将来
58	https://keizaiclub.com/2016/06/10/13757/	邦銀の国債離れ、今後の行方は？
58	https://keizaiclub.com/2016/06/09/13744/	質問797 フィリピンで証券会社口座を開いて米国株を買えますか？
59	https://keizaiclub.com/2016/06/07/13742/	質問796 マイナス金利はいつまで続くのか？
59	https://keizaiclub.com/2016/06/01/13740/	質問795 パナマ文書に記載された企業への影響は？
59	https://keizaiclub.com/2016/05/26/13733/	第275回収録  Ｇ７サミット ＧＤＰからみる世界の影響力
59	https://keizaiclub.com/2016/05/25/13716/	質問794 外国株式の海外ＥＴＦは2重課税になるか？
59	https://keizaiclub.com/2016/05/23/13714/	質問793 金本位制に戻ればドルの危機は回避出来るのか？
59	https://keizaiclub.com/2016/05/20/13712/	質問792 政府紙幣で日本の財政問題は解決出来るのか？
59	https://keizaiclub.com/2016/05/18/13710/	第274回収録 東京オリンピック 裏金2億円の秘密
59	https://keizaiclub.com/2016/05/16/13699/	質問791 バルチック海運指数の上昇は景気回復のサインか？
59	https://keizaiclub.com/2016/05/13/13693/	質問790 経済破綻に備えて日本の預金は引き出した方がよいか？
59	https://keizaiclub.com/2016/05/11/13691/	質問789 未来の金融の姿はどうなるのか？
60	https://keizaiclub.com/2016/05/09/13689/	質問788 不動産の所有権を持てない国での不動産投資法
60	https://keizaiclub.com/2016/05/05/13676/	第272回収録 ネットの『不謹慎』に怯えるな！
60	https://keizaiclub.com/2016/05/04/13662/	質問787 ハイパーインフレの不動産はどうなるか？
60	https://keizaiclub.com/2016/04/29/13660/	質問786 ノーロード投信は投資家の利益は確保されるのか？
60	https://keizaiclub.com/2016/04/26/13658/	質問786 日銀が80兆円ペースで買い入れている国債は枯渇しないか？
60	https://keizaiclub.com/2016/04/22/13649/	第272回収録 熊本地震から学ぶ教訓
60	https://keizaiclub.com/2016/04/20/13641/	質問784 今の日本は1929年のアルゼンチンと状況は似ているか？
60	https://keizaiclub.com/2016/04/15/13627/	質問783 ドイツ銀行の破綻はドイツ・アメリカの国家破綻に連鎖するか？
60	https://keizaiclub.com/2016/04/13/13629/	質問782 日本政府の借金はチャラにできるか？
60	https://keizaiclub.com/2016/04/11/13606/	質問781 トランプが大統領になったら変わりますか？
61	https://keizaiclub.com/2016/04/08/13610/	第271回収録 シャープの再建の道はあるのか？
61	https://keizaiclub.com/2016/04/07/13604/	質問780 日本の財政政策の限界点はいつくるのか？
61	https://keizaiclub.com/2016/04/05/13602/	質問779 日本の借金は返済できるのか？
61	https://keizaiclub.com/2016/04/01/13596/	第270回収録 財政問題『無視』のお墨付き安倍政権
61	https://keizaiclub.com/2016/03/31/13582/	質問778 共同出資者との信頼関係構築法
61	https://keizaiclub.com/2016/03/29/13580/	質問777 日本のマイナス金利、アメリカ利上げなのに、なぜ円高？
61	https://keizaiclub.com/2016/03/25/13578/	質問776 日本経済のデノミや新円切替の可能性
61	https://keizaiclub.com/2016/03/23/13576/	質問775 マイナンバーの時代の投資商品とは？
61	https://keizaiclub.com/2016/03/21/13568/	質問774 横森さん株価上げてください！
61	https://keizaiclub.com/2016/03/18/13566/	第266回収録 ロシア軍 シリア撤退
62	https://keizaiclub.com/2016/03/15/13534/	質問773 ドル・円の為替の方向性
62	https://keizaiclub.com/2016/03/09/13532/	質問 772 具体的な資産防衛法
62	https://keizaiclub.com/2016/03/07/13552/	第268回収録 映画マネーショートから見る『世の矛盾』
62	https://keizaiclub.com/2016/03/03/13536/	マイナンバーから逃れるためドルのタンス預金は有効か？
62	https://keizaiclub.com/2016/03/02/13530/	質問 771 ドイツ銀行の破綻危機の真相
62	https://keizaiclub.com/2016/02/26/13504/	質問 770 資産なしの国家破綻対策
62	https://keizaiclub.com/2016/02/24/13520/	第267回収録 老後の資金の作り方
62	https://keizaiclub.com/2016/02/22/13502/	質問 769 租税上条約のタックスヘブン税制の注意点
62	https://keizaiclub.com/2016/02/19/13510/	中国中央銀行でクーデータが勃発！？その破滅的影響とは？
62	https://keizaiclub.com/2016/02/18/13500/	質問768 日本破綻後の年金支給はあるのか？
63	https://keizaiclub.com/2016/02/15/13497/	質問767 マイナス金利の本質的意味とは？
63	https://keizaiclub.com/2016/02/12/13490/	第266回収録 清原選手逮捕の裏側
63	https://keizaiclub.com/2016/02/10/13487/	質問766 バルチック海運指数の下落の意味
63	https://keizaiclub.com/2016/02/08/13485/	質問765 世界支配勢力の人口削減計画
63	https://keizaiclub.com/2016/02/04/13483/	質問764 信用収縮の恐ろしさとは？
63	https://keizaiclub.com/2016/02/02/13459/	質問763 日本の財政破綻はいつか？
63	https://keizaiclub.com/2016/01/29/13470/	第265回収録 ダボス会議からみる世界経済の行方
63	https://keizaiclub.com/2016/01/27/13457/	質問762 HSBC香港の海外口座は円暴落対策になるか？
63	https://keizaiclub.com/2016/01/25/13454/	質問761 妹の借金返済苦を両親が救うべきか？
63	https://keizaiclub.com/2016/01/21/13426/	質問760 『日本借金1000兆円の嘘』は本当か？
64	https://keizaiclub.com/2016/01/18/13447/	第264回収録 下降トレンドに入った株式市場！？
64	https://keizaiclub.com/2016/01/15/13424/	質問759 中国は南沙諸島を制覇できるのか？
64	https://keizaiclub.com/2016/01/13/13422/	質問758 中東危機によって石油価格急騰で日本経済への影響は？
64	https://keizaiclub.com/2016/01/11/13420/	第263回収録 北朝鮮 水爆実験
64	https://keizaiclub.com/2016/01/08/13415/	質問757 アメリカがデフォルトしないのはなぜですか？
64	https://keizaiclub.com/2016/01/06/13413/	質問756 中国の負の遺産が解消されるまで何年かかるのか？
64	https://keizaiclub.com/2016/01/05/13403/	10%に迫る国債の外国人保有の意味とは？
64	https://keizaiclub.com/2015/12/31/13390/	第262回収録 2015年を振り返る
64	https://keizaiclub.com/2015/12/29/13376/	質問755  次の不況はリーマンショックレベルか、1929年の世界恐慌か？
64	https://keizaiclub.com/2015/12/25/13379/	質問754 先進国デフォルト対策でどの通貨がいいか？
65	https://keizaiclub.com/2015/12/23/13374/	質問753 ハイイールド（高利回り債）はどれぐらい危険なのですか？
65	https://keizaiclub.com/2015/12/21/13367/	第261回収録 米利上げがもたらす世界経済への影響
65	https://keizaiclub.com/2015/12/17/13352/	質問752 アメリカよりヨーロッパ破綻が先でしょうか？
65	https://keizaiclub.com/2015/12/15/13350/	質問751 第三次世界大戦、未来の戦争はあるか？
65	https://keizaiclub.com/2015/12/11/13348/	質問750 不動産好調の日本経済、今どうなっていますか？
65	https://keizaiclub.com/2015/12/09/13331/	質問749 第三次世界大戦になったら中国とロシアは味方になるか？
65	https://keizaiclub.com/2015/12/07/13341/	第260回収録 好調の日本株の年末の行方は？
65	https://keizaiclub.com/2015/12/04/13329/	質問748 難民問題、ワーゲン不正の影響でヨーロッパは連鎖破綻するか？
65	https://keizaiclub.com/2015/12/03/13337/	ボケ老人『1000万人』：日本の異常事態宣言
65	https://keizaiclub.com/2015/12/02/13327/	質問747 サウジアラビアが暴落させた原油価格は今後どうなるか？
66	https://keizaiclub.com/2015/11/30/13324/	質問746 難民問題は福祉国家を崩壊させるか？
66	https://keizaiclub.com/2015/11/27/13322/	質問745 アベノミクスの次の手はあるのか？
66	https://keizaiclub.com/2015/11/25/13292/	質問744 地方にはなぜIT企業が進出しないのか？
66	https://keizaiclub.com/2015/11/23/13314/	第259回収録 フランス同時テロによるフランス経済の影響
66	https://keizaiclub.com/2015/11/20/13290/	質問743 ドイツがデフォルトしたらユーロにどう影響を与えるのか？
66	https://keizaiclub.com/2015/11/18/13288/	質問742 TPPで農業の損失よりも社会保障の財政が重要ではないか？
66	https://keizaiclub.com/2015/11/16/13286/	質問741 国家破綻後のシナリオ
66	https://keizaiclub.com/2015/11/12/13284/	質問740 米ドルのタンス預金はいまでも有効か？
66	https://keizaiclub.com/2015/11/10/13280/	質問739 FRBが年内に利上げするのでしょうか？
66	https://keizaiclub.com/2015/11/05/13262/	第258回収録 無難に終わった郵政3社のIPO
67	https://keizaiclub.com/2015/11/02/13243/	質問738 第３次世界大戦になるか？
