1	https://keizaiclub.com/2017/08/04/16202/	イギリスで学生寮不動産への投資
1	https://keizaiclub.com/2017/04/14/15204/	台湾の土地の有効活用法
1	https://keizaiclub.com/2017/01/31/14478/	世界の中央銀行が暗号通貨を採用した新世界
1	https://keizaiclub.com/2016/11/30/14167/	意思疎通ができない祖父母の相続（遺書なし）
1	https://keizaiclub.com/2016/10/28/14081/	フィリピン不動産の投資案件はどうか？
1	https://keizaiclub.com/2016/09/27/14035/	フィリピン国債の買い方とリスクを教えてください
1	https://keizaiclub.com/2016/09/02/13997/	日本人のルーツはスファラディーユダヤ人なのか？
1	https://keizaiclub.com/2016/08/01/13912/	ゴールドではなくプラチナはいかがですか？
1	https://keizaiclub.com/2016/07/19/13876/	会社の借入金を返済すべきか、投資にまわすべきか？
1	https://keizaiclub.com/2016/07/12/13850/	日本での預金封鎖・財産税はどのように実施されたのか？
2	https://keizaiclub.com/2016/07/06/13852/	租税条約を結ぶ国の海外法人の配当金には日本の税金がかかるか？
2	https://keizaiclub.com/2016/06/15/13771/	自力年金プログラム：『縁故者』の参加基準について
2	https://keizaiclub.com/2016/06/03/13725/	個人の飲食店経営は儲かりますか？
2	https://keizaiclub.com/2016/05/30/13738/	自力年金プログラムについて教えてください
2	https://keizaiclub.com/2016/05/17/13696/	海外ＥＴＦは外貨資産か？
2	https://keizaiclub.com/2016/05/03/13656/	フィリピンのコンビニ経営は一等地か地方のどちらがいいのか？
2	https://keizaiclub.com/2016/04/27/13654/	西宮のマイホームは購入すべきか？
2	https://keizaiclub.com/2016/04/21/13643/	東南アジア、躍進する経済特区の見分け方
2	https://keizaiclub.com/2016/04/18/13633/	マレーシア通貨を不動産に変えるべきか？
2	https://keizaiclub.com/2016/03/08/13538/	ニュージーランドの海外口座を解約すべきか？
3	https://keizaiclub.com/2016/02/29/13508/	フィリピンで外国人が不動産を取得する方法
3	https://keizaiclub.com/2016/02/17/13506/	ワンルームマンション不動産：東京とマニラどちらがいい？
3	https://keizaiclub.com/2016/02/09/13478/	フィリピンのアパート経営方法
3	https://keizaiclub.com/2016/02/05/13476/	東京の賃貸不動産は買いか？
3	https://keizaiclub.com/2015/12/30/13387/	大損した国際金融公社発行の債権はどうすればいいか？
3	https://keizaiclub.com/2015/11/04/13259/	「大学 = 奴隷養成スクール」を卒業する意味
3	https://keizaiclub.com/2015/11/03/13257/	日本の不動産投資で狙うべき場所とは？
QUALIFIED
